-- ========================================================
-- LMS Corporate Database Backup SQL Dump
-- Generated At: 2026-07-01 20:29:33
-- Host database: db48874.public.databaseasp.net
-- ========================================================

EXEC sp_MSforeachtable "ALTER TABLE ? NOCHECK CONSTRAINT all";

-- Table SystemSettings is empty

-- Table: Roles
SET IDENTITY_INSERT [Roles] ON;
INSERT INTO [Roles] ([RoleID], [RoleName]) VALUES (1, N'Admin');
INSERT INTO [Roles] ([RoleID], [RoleName]) VALUES (2, N'Employee');
INSERT INTO [Roles] ([RoleID], [RoleName]) VALUES (36, N'IT');
INSERT INTO [Roles] ([RoleID], [RoleName]) VALUES (37, N'Manager');
INSERT INTO [Roles] ([RoleID], [RoleName]) VALUES (38, N'Student');
INSERT INTO [Roles] ([RoleID], [RoleName]) VALUES (39, N'Trainer');
INSERT INTO [Roles] ([RoleID], [RoleName]) VALUES (40, N'Lecturer');
SET IDENTITY_INSERT [Roles] OFF;

-- Table: Departments
SET IDENTITY_INSERT [Departments] ON;
INSERT INTO [Departments] ([DepartmentID], [DepartmentName], [ManagerID], [ParentDeptID], [Description], [ThemeColor], [SidebarStyle], [LogoURL], [DepartmentEmail], [CreatedAt]) VALUES (1, N'IT', 1014, NULL, NULL, N'#2c3e50', N'default', NULL, NULL, '2026-06-29 03:43:58.453');
INSERT INTO [Departments] ([DepartmentID], [DepartmentName], [ManagerID], [ParentDeptID], [Description], [ThemeColor], [SidebarStyle], [LogoURL], [DepartmentEmail], [CreatedAt]) VALUES (2, N'HR', 1006, NULL, NULL, N'#2c3e50', N'default', NULL, NULL, '2026-06-29 03:43:58.453');
INSERT INTO [Departments] ([DepartmentID], [DepartmentName], [ManagerID], [ParentDeptID], [Description], [ThemeColor], [SidebarStyle], [LogoURL], [DepartmentEmail], [CreatedAt]) VALUES (3, N'Marketing', NULL, NULL, NULL, N'#2c3e50', N'default', NULL, NULL, '2026-06-29 03:43:58.453');
INSERT INTO [Departments] ([DepartmentID], [DepartmentName], [ManagerID], [ParentDeptID], [Description], [ThemeColor], [SidebarStyle], [LogoURL], [DepartmentEmail], [CreatedAt]) VALUES (31, N'Ban Giám đốc', 83, NULL, N'Ban điều hành cấp cao của doanh nghiệp', N'#1e3a8a', N'default', NULL, NULL, '2026-06-12 23:16:54.277');
INSERT INTO [Departments] ([DepartmentID], [DepartmentName], [ManagerID], [ParentDeptID], [Description], [ThemeColor], [SidebarStyle], [LogoURL], [DepartmentEmail], [CreatedAt]) VALUES (32, N'Phòng Nhân sự & Đào tạo', 85, NULL, N'Tuyển dụng, đào tạo và phát triển nhân lực', N'#0d9488', N'default', NULL, NULL, '2026-06-12 23:16:54.277');
INSERT INTO [Departments] ([DepartmentID], [DepartmentName], [ManagerID], [ParentDeptID], [Description], [ThemeColor], [SidebarStyle], [LogoURL], [DepartmentEmail], [CreatedAt]) VALUES (33, N'Phòng Kỹ thuật & Sản xuất', 95, NULL, N'Vận hành thiết bị và dây chuyền sản xuất tại nhà máy', N'#ea580c', N'default', NULL, NULL, '2026-06-12 23:16:54.277');
INSERT INTO [Departments] ([DepartmentID], [DepartmentName], [ManagerID], [ParentDeptID], [Description], [ThemeColor], [SidebarStyle], [LogoURL], [DepartmentEmail], [CreatedAt]) VALUES (34, N'Phòng Kinh doanh & Marketing', 96, NULL, N'Kinh doanh, tìm kiếm khách hàng và quảng bá sản phẩm', N'#2563eb', N'default', NULL, NULL, '2026-06-12 23:16:54.277');
INSERT INTO [Departments] ([DepartmentID], [DepartmentName], [ManagerID], [ParentDeptID], [Description], [ThemeColor], [SidebarStyle], [LogoURL], [DepartmentEmail], [CreatedAt]) VALUES (35, N'Phòng Tài chính - Kế toán', 100, NULL, N'Quản lý dòng tiền, kế toán doanh nghiệp', N'#4f46e5', N'default', NULL, NULL, '2026-06-12 23:16:54.277');
INSERT INTO [Departments] ([DepartmentID], [DepartmentName], [ManagerID], [ParentDeptID], [Description], [ThemeColor], [SidebarStyle], [LogoURL], [DepartmentEmail], [CreatedAt]) VALUES (36, N'Phòng Công nghệ thông tin', 103, NULL, N'Vận hành hệ thống IT và bảo mật thông tin', N'#0f172a', N'default', NULL, NULL, '2026-06-12 23:16:54.277');
INSERT INTO [Departments] ([DepartmentID], [DepartmentName], [ManagerID], [ParentDeptID], [Description], [ThemeColor], [SidebarStyle], [LogoURL], [DepartmentEmail], [CreatedAt]) VALUES (37, N'Trung tâm Đào tạo Nội bộ', 106, NULL, N'Bộ phận giảng dạy nội bộ và phát triển kỹ năng doanh nghiệp', N'#7c3aed', N'default', NULL, NULL, '2026-06-12 23:16:54.277');
INSERT INTO [Departments] ([DepartmentID], [DepartmentName], [ManagerID], [ParentDeptID], [Description], [ThemeColor], [SidebarStyle], [LogoURL], [DepartmentEmail], [CreatedAt]) VALUES (38, N'test', 108, NULL, NULL, N'#2c3e50', N'default', NULL, NULL, '2026-06-15 02:43:24.540');
INSERT INTO [Departments] ([DepartmentID], [DepartmentName], [ManagerID], [ParentDeptID], [Description], [ThemeColor], [SidebarStyle], [LogoURL], [DepartmentEmail], [CreatedAt]) VALUES (39, N'Phòng cháy chữa cháy', NULL, NULL, NULL, N'#2c3e50', N'default', NULL, NULL, '2026-06-27 19:42:23.783');
INSERT INTO [Departments] ([DepartmentID], [DepartmentName], [ManagerID], [ParentDeptID], [Description], [ThemeColor], [SidebarStyle], [LogoURL], [DepartmentEmail], [CreatedAt]) VALUES (40, N'Phòng Ban Giám Sát', NULL, NULL, NULL, N'#2c3e50', N'default', NULL, NULL, '2026-06-27 19:45:03.890');
INSERT INTO [Departments] ([DepartmentID], [DepartmentName], [ManagerID], [ParentDeptID], [Description], [ThemeColor], [SidebarStyle], [LogoURL], [DepartmentEmail], [CreatedAt]) VALUES (41, N'IT', NULL, NULL, NULL, N'#2c3e50', N'default', NULL, NULL, '2026-06-29 07:13:46.997');
INSERT INTO [Departments] ([DepartmentID], [DepartmentName], [ManagerID], [ParentDeptID], [Description], [ThemeColor], [SidebarStyle], [LogoURL], [DepartmentEmail], [CreatedAt]) VALUES (42, N'HR', NULL, NULL, NULL, N'#2c3e50', N'default', NULL, NULL, '2026-06-29 07:13:46.997');
INSERT INTO [Departments] ([DepartmentID], [DepartmentName], [ManagerID], [ParentDeptID], [Description], [ThemeColor], [SidebarStyle], [LogoURL], [DepartmentEmail], [CreatedAt]) VALUES (43, N'Marketing', NULL, NULL, NULL, N'#2c3e50', N'default', NULL, NULL, '2026-06-29 07:13:46.997');
INSERT INTO [Departments] ([DepartmentID], [DepartmentName], [ManagerID], [ParentDeptID], [Description], [ThemeColor], [SidebarStyle], [LogoURL], [DepartmentEmail], [CreatedAt]) VALUES (44, N'Sales', NULL, NULL, NULL, N'#2c3e50', N'default', NULL, NULL, '2026-06-29 07:13:46.997');
INSERT INTO [Departments] ([DepartmentID], [DepartmentName], [ManagerID], [ParentDeptID], [Description], [ThemeColor], [SidebarStyle], [LogoURL], [DepartmentEmail], [CreatedAt]) VALUES (45, N'Finance', NULL, NULL, NULL, N'#2c3e50', N'default', NULL, NULL, '2026-06-29 07:13:46.997');
INSERT INTO [Departments] ([DepartmentID], [DepartmentName], [ManagerID], [ParentDeptID], [Description], [ThemeColor], [SidebarStyle], [LogoURL], [DepartmentEmail], [CreatedAt]) VALUES (46, N'Ban Giám Sát Quy Trình', NULL, NULL, NULL, N'#000000', N'Dark', NULL, N'bod@company.com', '2026-06-29 07:20:15.937');
INSERT INTO [Departments] ([DepartmentID], [DepartmentName], [ManagerID], [ParentDeptID], [Description], [ThemeColor], [SidebarStyle], [LogoURL], [DepartmentEmail], [CreatedAt]) VALUES (48, N'Phòng hỗ trợ', NULL, NULL, NULL, N'#28a745', N'Light', NULL, N'hr@company.com', '2026-06-29 07:20:15.937');
INSERT INTO [Departments] ([DepartmentID], [DepartmentName], [ManagerID], [ParentDeptID], [Description], [ThemeColor], [SidebarStyle], [LogoURL], [DepartmentEmail], [CreatedAt]) VALUES (49, N'Phòng Kinh Doanh', NULL, NULL, NULL, N'#ffc107', N'Light', NULL, N'sales@company.com', '2026-06-29 07:20:15.937');
INSERT INTO [Departments] ([DepartmentID], [DepartmentName], [ManagerID], [ParentDeptID], [Description], [ThemeColor], [SidebarStyle], [LogoURL], [DepartmentEmail], [CreatedAt]) VALUES (50, N'Phòng Tài Chính', NULL, NULL, NULL, N'#dc3545', N'Light', NULL, N'finance@company.com', '2026-06-29 07:20:15.937');
INSERT INTO [Departments] ([DepartmentID], [DepartmentName], [ManagerID], [ParentDeptID], [Description], [ThemeColor], [SidebarStyle], [LogoURL], [DepartmentEmail], [CreatedAt]) VALUES (51, N'Phòng Marketing', NULL, NULL, NULL, N'#17a2b8', N'Light', NULL, N'marketing@company.com', '2026-06-29 07:20:15.937');
SET IDENTITY_INSERT [Departments] OFF;

-- Table: JobTitles
SET IDENTITY_INSERT [JobTitles] ON;
INSERT INTO [JobTitles] ([JobTitleID], [TitleName], [GradeLevel]) VALUES (1, N'Developer', NULL);
INSERT INTO [JobTitles] ([JobTitleID], [TitleName], [GradeLevel]) VALUES (2, N'Staff', NULL);
INSERT INTO [JobTitles] ([JobTitleID], [TitleName], [GradeLevel]) VALUES (3, N'Manager', NULL);
INSERT INTO [JobTitles] ([JobTitleID], [TitleName], [GradeLevel]) VALUES (39, N'Giám đốc Điều hành', 10);
INSERT INTO [JobTitles] ([JobTitleID], [TitleName], [GradeLevel]) VALUES (40, N'Phó Giám đốc', 9);
INSERT INTO [JobTitles] ([JobTitleID], [TitleName], [GradeLevel]) VALUES (41, N'Trưởng phòng Nhân sự & Đào tạo', 8);
INSERT INTO [JobTitles] ([JobTitleID], [TitleName], [GradeLevel]) VALUES (42, N'Trưởng phòng Kỹ thuật & Sản xuất', 8);
INSERT INTO [JobTitles] ([JobTitleID], [TitleName], [GradeLevel]) VALUES (43, N'Trưởng phòng Công nghệ thông tin', 8);
INSERT INTO [JobTitles] ([JobTitleID], [TitleName], [GradeLevel]) VALUES (44, N'Trưởng phòng Kinh doanh', 8);
INSERT INTO [JobTitles] ([JobTitleID], [TitleName], [GradeLevel]) VALUES (45, N'Kế toán Trưởng', 8);
INSERT INTO [JobTitles] ([JobTitleID], [TitleName], [GradeLevel]) VALUES (46, N'Giảng viên Nội bộ Cao cấp', 6);
INSERT INTO [JobTitles] ([JobTitleID], [TitleName], [GradeLevel]) VALUES (47, N'Chuyên viên Đào tạo', 4);
INSERT INTO [JobTitles] ([JobTitleID], [TitleName], [GradeLevel]) VALUES (48, N'Chuyên viên Kinh doanh', 4);
INSERT INTO [JobTitles] ([JobTitleID], [TitleName], [GradeLevel]) VALUES (49, N'Chuyên viên Kế toán', 4);
INSERT INTO [JobTitles] ([JobTitleID], [TitleName], [GradeLevel]) VALUES (50, N'Kỹ sư Hệ thống', 4);
INSERT INTO [JobTitles] ([JobTitleID], [TitleName], [GradeLevel]) VALUES (51, N'IT Support', 3);
INSERT INTO [JobTitles] ([JobTitleID], [TitleName], [GradeLevel]) VALUES (52, N'Tổ trưởng Sản xuất', 4);
INSERT INTO [JobTitles] ([JobTitleID], [TitleName], [GradeLevel]) VALUES (53, N'Công nhân Vận hành', 2);
INSERT INTO [JobTitles] ([JobTitleID], [TitleName], [GradeLevel]) VALUES (54, N'Developer', NULL);
INSERT INTO [JobTitles] ([JobTitleID], [TitleName], [GradeLevel]) VALUES (55, N'Tester', NULL);
INSERT INTO [JobTitles] ([JobTitleID], [TitleName], [GradeLevel]) VALUES (56, N'Manager', NULL);
INSERT INTO [JobTitles] ([JobTitleID], [TitleName], [GradeLevel]) VALUES (57, N'Designer', NULL);
INSERT INTO [JobTitles] ([JobTitleID], [TitleName], [GradeLevel]) VALUES (58, N'Analyst', NULL);
SET IDENTITY_INSERT [JobTitles] OFF;

-- Table: Users
SET IDENTITY_INSERT [Users] ON;
INSERT INTO [Users] ([UserID], [EmployeeCode], [Username], [FullName], [Email], [DepartmentID], [JobTitleID], [IsITAdmin], [IsDeptAdmin], [Status], [LastLogin]) VALUES (83, N'GD0001', N'hunglmgd0001', N'Lê Minh Hùng', N'hunglmgd0001@basau.net', 32, 39, 0, 1, N'Active', NULL);
INSERT INTO [Users] ([UserID], [EmployeeCode], [Username], [FullName], [Email], [DepartmentID], [JobTitleID], [IsITAdmin], [IsDeptAdmin], [Status], [LastLogin]) VALUES (84, N'GD0002', N'longtdgd0002', N'Trần Đức Long', N'longtdgd0002@basau.net', 32, 40, 0, 0, N'Active', NULL);
INSERT INTO [Users] ([UserID], [EmployeeCode], [Username], [FullName], [Email], [DepartmentID], [JobTitleID], [IsITAdmin], [IsDeptAdmin], [Status], [LastLogin]) VALUES (85, N'HR0001', N'tuyettthr0001', N'Trần Thị Tuyết', N'tuyettthr0001@basau.net', 32, 41, 0, 1, N'Active', '2026-07-01 16:32:27.073');
INSERT INTO [Users] ([UserID], [EmployeeCode], [Username], [FullName], [Email], [DepartmentID], [JobTitleID], [IsITAdmin], [IsDeptAdmin], [Status], [LastLogin]) VALUES (86, N'HR0002', N'maipthr0002', N'Phan Tuyết Mai', N'maipthr0002@basau.net', 32, 47, 0, 0, N'Active', NULL);
INSERT INTO [Users] ([UserID], [EmployeeCode], [Username], [FullName], [Email], [DepartmentID], [JobTitleID], [IsITAdmin], [IsDeptAdmin], [Status], [LastLogin]) VALUES (87, N'HR0003', N'namnhhr0003', N'Nguyễn Hoàng Nam', N'namnhhr0003@basau.net', 32, 48, 0, 0, N'Active', '2026-06-29 11:04:35.553');
INSERT INTO [Users] ([UserID], [EmployeeCode], [Username], [FullName], [Email], [DepartmentID], [JobTitleID], [IsITAdmin], [IsDeptAdmin], [Status], [LastLogin]) VALUES (88, N'HR0004', N'dungpthr0004', N'Phạm Thị Dung', N'dungpthr0004@basau.net', 32, 47, 0, 0, N'Active', NULL);
INSERT INTO [Users] ([UserID], [EmployeeCode], [Username], [FullName], [Email], [DepartmentID], [JobTitleID], [IsITAdmin], [IsDeptAdmin], [Status], [LastLogin]) VALUES (89, N'KT0001', N'maypvkt0001', N'Phạm Văn Máy', N'maypvkt0001@basau.net', 33, 42, 0, 1, N'Active', '2026-06-15 03:07:52.333');
INSERT INTO [Users] ([UserID], [EmployeeCode], [Username], [FullName], [Email], [DepartmentID], [JobTitleID], [IsITAdmin], [IsDeptAdmin], [Status], [LastLogin]) VALUES (90, N'CN0001', N'cuongnvcn0001', N'Nguyễn Văn Cường', N'cuongnvcn0001@basau.net', 33, 53, 0, 0, N'Active', '2026-06-21 23:59:55.143');
INSERT INTO [Users] ([UserID], [EmployeeCode], [Username], [FullName], [Email], [DepartmentID], [JobTitleID], [IsITAdmin], [IsDeptAdmin], [Status], [LastLogin]) VALUES (91, N'CN0002', N'dunglvcn0002', N'Lê Văn Dũng', N'dunglvcn0002@basau.net', 33, 52, 0, 0, N'Active', NULL);
INSERT INTO [Users] ([UserID], [EmployeeCode], [Username], [FullName], [Email], [DepartmentID], [JobTitleID], [IsITAdmin], [IsDeptAdmin], [Status], [LastLogin]) VALUES (92, N'CN0003', N'thaihvcn0003', N'Hoàng Văn Thái', N'thaihvcn0003@basau.net', 33, 53, 0, 0, N'Active', NULL);
INSERT INTO [Users] ([UserID], [EmployeeCode], [Username], [FullName], [Email], [DepartmentID], [JobTitleID], [IsITAdmin], [IsDeptAdmin], [Status], [LastLogin]) VALUES (93, N'CN0004', N'hoattcn0004', N'Trần Thị Hoa', N'hoattcn0004@basau.net', 33, 53, 0, 0, N'Active', NULL);
INSERT INTO [Users] ([UserID], [EmployeeCode], [Username], [FullName], [Email], [DepartmentID], [JobTitleID], [IsITAdmin], [IsDeptAdmin], [Status], [LastLogin]) VALUES (94, N'CN0005', N'hungbvcn0005', N'Bùi Văn Hùng', N'hungbvcn0005@basau.net', 33, 53, 0, 0, N'Active', NULL);
INSERT INTO [Users] ([UserID], [EmployeeCode], [Username], [FullName], [Email], [DepartmentID], [JobTitleID], [IsITAdmin], [IsDeptAdmin], [Status], [LastLogin]) VALUES (95, N'CN0006', N'taidvcn0006', N'Đinh Văn Tài', N'taidvcn0006@basau.net', 33, 53, 0, 1, N'Active', NULL);
INSERT INTO [Users] ([UserID], [EmployeeCode], [Username], [FullName], [Email], [DepartmentID], [JobTitleID], [IsITAdmin], [IsDeptAdmin], [Status], [LastLogin]) VALUES (96, N'KD0001', N'linhdtkd0001', N'Đỗ Thùy Linh', N'linhdtkd0001@basau.net', 34, 44, 0, 1, N'Active', NULL);
INSERT INTO [Users] ([UserID], [EmployeeCode], [Username], [FullName], [Email], [DepartmentID], [JobTitleID], [IsITAdmin], [IsDeptAdmin], [Status], [LastLogin]) VALUES (97, N'KD0002', N'anhnmkd0002', N'Nguyễn Minh Anh', N'anhnmkd0002@basau.net', 34, 48, 0, 0, N'Active', NULL);
INSERT INTO [Users] ([UserID], [EmployeeCode], [Username], [FullName], [Email], [DepartmentID], [JobTitleID], [IsITAdmin], [IsDeptAdmin], [Status], [LastLogin]) VALUES (98, N'KD0003', N'baopqkd0003', N'Phạm Quốc Bảo', N'baopqkd0003@basau.net', 34, 48, 0, 0, N'Active', NULL);
INSERT INTO [Users] ([UserID], [EmployeeCode], [Username], [FullName], [Email], [DepartmentID], [JobTitleID], [IsITAdmin], [IsDeptAdmin], [Status], [LastLogin]) VALUES (99, N'KD0004', N'yenvhkd0004', N'Vũ Hoàng Yến', N'yenvhkd0004@basau.net', 34, 48, 0, 0, N'Active', NULL);
INSERT INTO [Users] ([UserID], [EmployeeCode], [Username], [FullName], [Email], [DepartmentID], [JobTitleID], [IsITAdmin], [IsDeptAdmin], [Status], [LastLogin]) VALUES (100, N'TC0001', N'huongvttc0001', N'Vũ Thị Hương', N'huongvttc0001@basau.net', 35, 45, 0, 1, N'Active', NULL);
INSERT INTO [Users] ([UserID], [EmployeeCode], [Username], [FullName], [Email], [DepartmentID], [JobTitleID], [IsITAdmin], [IsDeptAdmin], [Status], [LastLogin]) VALUES (101, N'TC0002', N'tuanbmtc0002', N'Bùi Minh Tuấn', N'tuanbmtc0002@basau.net', 35, 49, 0, 0, N'Active', NULL);
INSERT INTO [Users] ([UserID], [EmployeeCode], [Username], [FullName], [Email], [DepartmentID], [JobTitleID], [IsITAdmin], [IsDeptAdmin], [Status], [LastLogin]) VALUES (102, N'TC0003', N'thaolttc0003', N'Lê Thị Thảo', N'thaolttc0003@basau.net', 35, 49, 0, 0, N'Active', NULL);
INSERT INTO [Users] ([UserID], [EmployeeCode], [Username], [FullName], [Email], [DepartmentID], [JobTitleID], [IsITAdmin], [IsDeptAdmin], [Status], [LastLogin]) VALUES (103, N'IT0001', N'admin', N'Nguyễn Văn Trị', N'admin@basau.net', 36, 50, 1, 1, N'Active', '2026-07-01 16:30:58.717');
INSERT INTO [Users] ([UserID], [EmployeeCode], [Username], [FullName], [Email], [DepartmentID], [JobTitleID], [IsITAdmin], [IsDeptAdmin], [Status], [LastLogin]) VALUES (104, N'IT0002', N'hoanglhit0002', N'Lê Huy Hoàng', N'hoanglhit0002@basau.net', 36, 51, 0, 0, N'Active', NULL);
INSERT INTO [Users] ([UserID], [EmployeeCode], [Username], [FullName], [Email], [DepartmentID], [JobTitleID], [IsITAdmin], [IsDeptAdmin], [Status], [LastLogin]) VALUES (105, N'IT0003', N'khanhtvit0003', N'Trần Văn Khánh', N'khanhtvit0003@basau.net', 36, 51, 0, 0, N'Active', NULL);
INSERT INTO [Users] ([UserID], [EmployeeCode], [Username], [FullName], [Email], [DepartmentID], [JobTitleID], [IsITAdmin], [IsDeptAdmin], [Status], [LastLogin]) VALUES (106, N'GV0001', N'lanhhgv0001', N'Phòng Đào tạo', N'lanhhgv0001@basau.net', 37, 46, 0, 1, N'Active', '2026-06-22 08:45:31.403');
INSERT INTO [Users] ([UserID], [EmployeeCode], [Username], [FullName], [Email], [DepartmentID], [JobTitleID], [IsITAdmin], [IsDeptAdmin], [Status], [LastLogin]) VALUES (107, N'GV0002', N'namthgv0002', N'Trần Hải Nam', N'namthgv0002@basau.net', 37, 46, 0, 0, N'Active', '2026-06-29 12:27:17.267');
INSERT INTO [Users] ([UserID], [EmployeeCode], [Username], [FullName], [Email], [DepartmentID], [JobTitleID], [IsITAdmin], [IsDeptAdmin], [Status], [LastLogin]) VALUES (108, N'NV8912', N'anvnv8912', N'nguyễn văn a', N'anvnv8912@basau.net', 38, NULL, 0, 1, N'Active', NULL);
INSERT INTO [Users] ([UserID], [EmployeeCode], [Username], [FullName], [Email], [DepartmentID], [JobTitleID], [IsITAdmin], [IsDeptAdmin], [Status], [LastLogin]) VALUES (109, N'NV5470', N'an', N'Dương Hoài An', N'an@basau.net', 32, NULL, 0, 0, N'Active', NULL);
INSERT INTO [Users] ([UserID], [EmployeeCode], [Username], [FullName], [Email], [DepartmentID], [JobTitleID], [IsITAdmin], [IsDeptAdmin], [Status], [LastLogin]) VALUES (110, N'NV3803', N'andhnv3803', N'Dương Hoài An', N'andhnv3803@basau.net', NULL, NULL, 0, 0, N'Active', NULL);
INSERT INTO [Users] ([UserID], [EmployeeCode], [Username], [FullName], [Email], [DepartmentID], [JobTitleID], [IsITAdmin], [IsDeptAdmin], [Status], [LastLogin]) VALUES (112, N'NV8525', N'andhnv8525', N'duong hoai an', N'andhnv8525@basau.net', 51, NULL, 0, 0, N'Active', NULL);
INSERT INTO [Users] ([UserID], [EmployeeCode], [Username], [FullName], [Email], [DepartmentID], [JobTitleID], [IsITAdmin], [IsDeptAdmin], [Status], [LastLogin]) VALUES (117, N'NV4600', N'kynvnv4600', N'nguyễn văn kỵ', N'kynvnv4600@basau.net', NULL, NULL, 0, 0, N'Active', NULL);
INSERT INTO [Users] ([UserID], [EmployeeCode], [Username], [FullName], [Email], [DepartmentID], [JobTitleID], [IsITAdmin], [IsDeptAdmin], [Status], [LastLogin]) VALUES (881, NULL, N'user501', N'Nguyễn Văn 1', N'user501@internal.com', 37, 3, 0, 0, N'Active', NULL);
INSERT INTO [Users] ([UserID], [EmployeeCode], [Username], [FullName], [Email], [DepartmentID], [JobTitleID], [IsITAdmin], [IsDeptAdmin], [Status], [LastLogin]) VALUES (979, N'NV0001', N'user1', N'Kiều Lương Tâm', N'nv1@company.com', 34, 2, 0, 0, N'Active', '2026-06-29 07:18:42.130');
INSERT INTO [Users] ([UserID], [EmployeeCode], [Username], [FullName], [Email], [DepartmentID], [JobTitleID], [IsITAdmin], [IsDeptAdmin], [Status], [LastLogin]) VALUES (980, N'NV0002', N'user2', N'Trần Lương Thiện', N'nv2@company.com', 49, 3, 0, 0, N'Active', '2026-06-29 07:18:42.130');
INSERT INTO [Users] ([UserID], [EmployeeCode], [Username], [FullName], [Email], [DepartmentID], [JobTitleID], [IsITAdmin], [IsDeptAdmin], [Status], [LastLogin]) VALUES (981, N'NV0003', N'user3', N'Phùng Lương Khô', N'nv3@company.com', 1, 1, 0, 0, N'Active', '2026-06-29 07:18:42.130');
INSERT INTO [Users] ([UserID], [EmployeeCode], [Username], [FullName], [Email], [DepartmentID], [JobTitleID], [IsITAdmin], [IsDeptAdmin], [Status], [LastLogin]) VALUES (982, N'NV0004', N'user4', N'Nguyễn Lương Lẹo', N'nv4@company.com', 2, 2, 0, 0, N'Active', '2026-06-29 07:18:42.130');
INSERT INTO [Users] ([UserID], [EmployeeCode], [Username], [FullName], [Email], [DepartmentID], [JobTitleID], [IsITAdmin], [IsDeptAdmin], [Status], [LastLogin]) VALUES (983, N'NV0005', N'user5', N'Nhan Vien 5', N'nv5@company.com', 3, 3, 0, 0, N'1', '2026-06-29 07:18:42.130');
INSERT INTO [Users] ([UserID], [EmployeeCode], [Username], [FullName], [Email], [DepartmentID], [JobTitleID], [IsITAdmin], [IsDeptAdmin], [Status], [LastLogin]) VALUES (984, N'NV0006', N'user6', N'Nhan Vien 6', N'nv6@company.com', 1, 1, 0, 0, N'1', '2026-06-29 07:18:42.130');
INSERT INTO [Users] ([UserID], [EmployeeCode], [Username], [FullName], [Email], [DepartmentID], [JobTitleID], [IsITAdmin], [IsDeptAdmin], [Status], [LastLogin]) VALUES (985, N'NV0007', N'user7', N'Nhan Vien 7', N'nv7@company.com', 2, 2, 0, 0, N'1', '2026-06-29 07:18:42.130');
INSERT INTO [Users] ([UserID], [EmployeeCode], [Username], [FullName], [Email], [DepartmentID], [JobTitleID], [IsITAdmin], [IsDeptAdmin], [Status], [LastLogin]) VALUES (986, N'NV0008', N'user8', N'Nhan Vien 8', N'nv8@company.com', 3, 3, 0, 0, N'1', '2026-06-29 07:18:42.130');
INSERT INTO [Users] ([UserID], [EmployeeCode], [Username], [FullName], [Email], [DepartmentID], [JobTitleID], [IsITAdmin], [IsDeptAdmin], [Status], [LastLogin]) VALUES (987, N'NV0009', N'user9', N'Nhan Vien 9', N'nv9@company.com', 1, 1, 0, 0, N'1', '2026-06-29 07:18:42.130');
INSERT INTO [Users] ([UserID], [EmployeeCode], [Username], [FullName], [Email], [DepartmentID], [JobTitleID], [IsITAdmin], [IsDeptAdmin], [Status], [LastLogin]) VALUES (988, N'NV0010', N'user10', N'Nhan Vien 10', N'nv10@company.com', 2, 2, 0, 0, N'1', '2026-06-29 07:18:42.130');
INSERT INTO [Users] ([UserID], [EmployeeCode], [Username], [FullName], [Email], [DepartmentID], [JobTitleID], [IsITAdmin], [IsDeptAdmin], [Status], [LastLogin]) VALUES (989, N'NV0011', N'user11', N'Nhan Vien 11', N'nv11@company.com', 3, 3, 0, 0, N'1', '2026-06-29 07:18:42.130');
INSERT INTO [Users] ([UserID], [EmployeeCode], [Username], [FullName], [Email], [DepartmentID], [JobTitleID], [IsITAdmin], [IsDeptAdmin], [Status], [LastLogin]) VALUES (990, N'NV0012', N'user12', N'Nhan Vien 12', N'nv12@company.com', 1, 1, 0, 0, N'1', '2026-06-29 07:18:42.130');
INSERT INTO [Users] ([UserID], [EmployeeCode], [Username], [FullName], [Email], [DepartmentID], [JobTitleID], [IsITAdmin], [IsDeptAdmin], [Status], [LastLogin]) VALUES (991, N'NV0013', N'user13', N'Nhan Vien 13', N'nv13@company.com', 2, 2, 0, 0, N'1', '2026-06-29 07:18:42.143');
INSERT INTO [Users] ([UserID], [EmployeeCode], [Username], [FullName], [Email], [DepartmentID], [JobTitleID], [IsITAdmin], [IsDeptAdmin], [Status], [LastLogin]) VALUES (992, N'NV0014', N'user14', N'Nhan Vien 14', N'nv14@company.com', 3, 3, 0, 0, N'1', '2026-06-29 07:18:42.143');
INSERT INTO [Users] ([UserID], [EmployeeCode], [Username], [FullName], [Email], [DepartmentID], [JobTitleID], [IsITAdmin], [IsDeptAdmin], [Status], [LastLogin]) VALUES (993, N'NV0015', N'user15', N'Nhan Vien 15', N'nv15@company.com', 1, 1, 0, 0, N'1', '2026-06-29 07:18:42.143');
INSERT INTO [Users] ([UserID], [EmployeeCode], [Username], [FullName], [Email], [DepartmentID], [JobTitleID], [IsITAdmin], [IsDeptAdmin], [Status], [LastLogin]) VALUES (994, N'NV0016', N'user16', N'Nhan Vien 16', N'nv16@company.com', 2, 2, 0, 0, N'1', '2026-06-29 07:18:42.143');
INSERT INTO [Users] ([UserID], [EmployeeCode], [Username], [FullName], [Email], [DepartmentID], [JobTitleID], [IsITAdmin], [IsDeptAdmin], [Status], [LastLogin]) VALUES (995, N'NV0017', N'user17', N'Nhan Vien 17', N'nv17@company.com', 3, 3, 0, 0, N'1', '2026-06-29 07:18:42.143');
INSERT INTO [Users] ([UserID], [EmployeeCode], [Username], [FullName], [Email], [DepartmentID], [JobTitleID], [IsITAdmin], [IsDeptAdmin], [Status], [LastLogin]) VALUES (996, N'NV0018', N'user18', N'Nhan Vien 18', N'nv18@company.com', 1, 1, 0, 0, N'1', '2026-06-29 07:18:42.143');
INSERT INTO [Users] ([UserID], [EmployeeCode], [Username], [FullName], [Email], [DepartmentID], [JobTitleID], [IsITAdmin], [IsDeptAdmin], [Status], [LastLogin]) VALUES (997, N'NV0019', N'user19', N'Nhan Vien 19', N'nv19@company.com', 2, 2, 0, 0, N'1', '2026-06-29 07:18:42.143');
INSERT INTO [Users] ([UserID], [EmployeeCode], [Username], [FullName], [Email], [DepartmentID], [JobTitleID], [IsITAdmin], [IsDeptAdmin], [Status], [LastLogin]) VALUES (998, N'NV0020', N'user20', N'Nhan Vien 20', N'nv20@company.com', 3, 3, 0, 0, N'1', '2026-06-29 07:18:42.143');
INSERT INTO [Users] ([UserID], [EmployeeCode], [Username], [FullName], [Email], [DepartmentID], [JobTitleID], [IsITAdmin], [IsDeptAdmin], [Status], [LastLogin]) VALUES (999, N'NV0021', N'user21', N'Nhan Vien 21', N'nv21@company.com', 1, 1, 0, 0, N'1', '2026-06-29 07:18:42.143');
INSERT INTO [Users] ([UserID], [EmployeeCode], [Username], [FullName], [Email], [DepartmentID], [JobTitleID], [IsITAdmin], [IsDeptAdmin], [Status], [LastLogin]) VALUES (1000, N'NV0022', N'user22', N'Nhan Vien 22', N'nv22@company.com', 2, 2, 0, 0, N'1', '2026-06-29 07:18:42.143');
INSERT INTO [Users] ([UserID], [EmployeeCode], [Username], [FullName], [Email], [DepartmentID], [JobTitleID], [IsITAdmin], [IsDeptAdmin], [Status], [LastLogin]) VALUES (1001, N'NV0023', N'user23', N'Nhan Vien 23', N'nv23@company.com', 3, 3, 0, 0, N'1', '2026-06-29 07:18:42.143');
INSERT INTO [Users] ([UserID], [EmployeeCode], [Username], [FullName], [Email], [DepartmentID], [JobTitleID], [IsITAdmin], [IsDeptAdmin], [Status], [LastLogin]) VALUES (1002, N'NV0024', N'user24', N'Nhan Vien 24', N'nv24@company.com', 1, 1, 0, 0, N'1', '2026-06-29 07:18:42.143');
INSERT INTO [Users] ([UserID], [EmployeeCode], [Username], [FullName], [Email], [DepartmentID], [JobTitleID], [IsITAdmin], [IsDeptAdmin], [Status], [LastLogin]) VALUES (1003, N'NV0025', N'user25', N'Nhan Vien 25', N'nv25@company.com', 2, 2, 0, 0, N'1', '2026-06-29 07:18:42.143');
INSERT INTO [Users] ([UserID], [EmployeeCode], [Username], [FullName], [Email], [DepartmentID], [JobTitleID], [IsITAdmin], [IsDeptAdmin], [Status], [LastLogin]) VALUES (1004, N'NV0026', N'user26', N'Nhan Vien 26', N'nv26@company.com', 3, 3, 0, 0, N'1', '2026-06-29 07:18:42.143');
INSERT INTO [Users] ([UserID], [EmployeeCode], [Username], [FullName], [Email], [DepartmentID], [JobTitleID], [IsITAdmin], [IsDeptAdmin], [Status], [LastLogin]) VALUES (1005, N'NV0027', N'user27', N'Nhan Vien 27', N'nv27@company.com', 1, 1, 0, 0, N'1', '2026-06-29 07:18:42.143');
INSERT INTO [Users] ([UserID], [EmployeeCode], [Username], [FullName], [Email], [DepartmentID], [JobTitleID], [IsITAdmin], [IsDeptAdmin], [Status], [LastLogin]) VALUES (1006, N'NV0028', N'user28', N'Nhan Vien 28', N'nv28@company.com', 2, 2, 0, 1, N'1', '2026-06-29 07:18:42.160');
INSERT INTO [Users] ([UserID], [EmployeeCode], [Username], [FullName], [Email], [DepartmentID], [JobTitleID], [IsITAdmin], [IsDeptAdmin], [Status], [LastLogin]) VALUES (1007, N'NV0029', N'user29', N'Nhan Vien 29', N'nv29@company.com', 3, 3, 0, 0, N'1', '2026-06-29 07:18:42.160');
INSERT INTO [Users] ([UserID], [EmployeeCode], [Username], [FullName], [Email], [DepartmentID], [JobTitleID], [IsITAdmin], [IsDeptAdmin], [Status], [LastLogin]) VALUES (1008, N'NV0030', N'user30', N'Nhan Vien 30', N'nv30@company.com', 1, 1, 0, 0, N'1', '2026-06-29 07:18:42.160');
INSERT INTO [Users] ([UserID], [EmployeeCode], [Username], [FullName], [Email], [DepartmentID], [JobTitleID], [IsITAdmin], [IsDeptAdmin], [Status], [LastLogin]) VALUES (1009, N'NV0031', N'user31', N'Nhan Vien 31', N'nv31@company.com', 2, 2, 0, 0, N'1', '2026-06-29 07:18:42.160');
INSERT INTO [Users] ([UserID], [EmployeeCode], [Username], [FullName], [Email], [DepartmentID], [JobTitleID], [IsITAdmin], [IsDeptAdmin], [Status], [LastLogin]) VALUES (1010, N'NV0032', N'user32', N'Nhan Vien 32', N'nv32@company.com', 3, 3, 0, 0, N'1', '2026-06-29 07:18:42.160');
INSERT INTO [Users] ([UserID], [EmployeeCode], [Username], [FullName], [Email], [DepartmentID], [JobTitleID], [IsITAdmin], [IsDeptAdmin], [Status], [LastLogin]) VALUES (1011, N'NV0033', N'user33', N'Nhan Vien 33', N'nv33@company.com', 1, 1, 0, 0, N'1', '2026-06-29 07:18:42.160');
INSERT INTO [Users] ([UserID], [EmployeeCode], [Username], [FullName], [Email], [DepartmentID], [JobTitleID], [IsITAdmin], [IsDeptAdmin], [Status], [LastLogin]) VALUES (1012, N'NV0034', N'user34', N'Nhan Vien 34', N'nv34@company.com', 2, 2, 0, 0, N'1', '2026-06-29 07:18:42.160');
INSERT INTO [Users] ([UserID], [EmployeeCode], [Username], [FullName], [Email], [DepartmentID], [JobTitleID], [IsITAdmin], [IsDeptAdmin], [Status], [LastLogin]) VALUES (1013, N'NV0035', N'user35', N'Nhan Vien 35', N'nv35@company.com', 3, 3, 0, 0, N'1', '2026-06-29 07:18:42.160');
INSERT INTO [Users] ([UserID], [EmployeeCode], [Username], [FullName], [Email], [DepartmentID], [JobTitleID], [IsITAdmin], [IsDeptAdmin], [Status], [LastLogin]) VALUES (1014, N'NV0036', N'user36', N'Phùng Thanh Độ', N'nv36@company.com', 1, 1, 0, 1, N'Active', '2026-06-29 07:18:42.160');
INSERT INTO [Users] ([UserID], [EmployeeCode], [Username], [FullName], [Email], [DepartmentID], [JobTitleID], [IsITAdmin], [IsDeptAdmin], [Status], [LastLogin]) VALUES (1015, N'NV0037', N'user37', N'Nhan Vien 37', N'nv37@company.com', 2, 2, 0, 0, N'1', '2026-06-29 07:18:42.177');
INSERT INTO [Users] ([UserID], [EmployeeCode], [Username], [FullName], [Email], [DepartmentID], [JobTitleID], [IsITAdmin], [IsDeptAdmin], [Status], [LastLogin]) VALUES (1016, N'NV0038', N'user38', N'Nhan Vien 38', N'nv38@company.com', 3, 3, 0, 0, N'1', '2026-06-29 07:18:42.177');
INSERT INTO [Users] ([UserID], [EmployeeCode], [Username], [FullName], [Email], [DepartmentID], [JobTitleID], [IsITAdmin], [IsDeptAdmin], [Status], [LastLogin]) VALUES (1017, N'NV0039', N'user39', N'Nhan Vien 39', N'nv39@company.com', 1, 1, 0, 0, N'1', '2026-06-29 07:18:42.177');
INSERT INTO [Users] ([UserID], [EmployeeCode], [Username], [FullName], [Email], [DepartmentID], [JobTitleID], [IsITAdmin], [IsDeptAdmin], [Status], [LastLogin]) VALUES (1018, N'NV0040', N'user40', N'Nhan Vien 40', N'nv40@company.com', 2, 2, 0, 0, N'1', '2026-06-29 07:18:42.177');
INSERT INTO [Users] ([UserID], [EmployeeCode], [Username], [FullName], [Email], [DepartmentID], [JobTitleID], [IsITAdmin], [IsDeptAdmin], [Status], [LastLogin]) VALUES (1019, N'NV0041', N'user41', N'Nhan Vien 41', N'nv41@company.com', 3, 3, 0, 0, N'1', '2026-06-29 07:18:42.177');
INSERT INTO [Users] ([UserID], [EmployeeCode], [Username], [FullName], [Email], [DepartmentID], [JobTitleID], [IsITAdmin], [IsDeptAdmin], [Status], [LastLogin]) VALUES (1020, N'NV0042', N'user42', N'Nhan Vien 42', N'nv42@company.com', 1, 1, 0, 0, N'1', '2026-06-29 07:18:42.177');
INSERT INTO [Users] ([UserID], [EmployeeCode], [Username], [FullName], [Email], [DepartmentID], [JobTitleID], [IsITAdmin], [IsDeptAdmin], [Status], [LastLogin]) VALUES (1021, N'NV0043', N'user43', N'Nhan Vien 43', N'nv43@company.com', 2, 2, 0, 0, N'1', '2026-06-29 07:18:42.177');
INSERT INTO [Users] ([UserID], [EmployeeCode], [Username], [FullName], [Email], [DepartmentID], [JobTitleID], [IsITAdmin], [IsDeptAdmin], [Status], [LastLogin]) VALUES (1022, N'NV0044', N'user44', N'Nhan Vien 44', N'nv44@company.com', 3, 3, 0, 0, N'1', '2026-06-29 07:18:42.177');
INSERT INTO [Users] ([UserID], [EmployeeCode], [Username], [FullName], [Email], [DepartmentID], [JobTitleID], [IsITAdmin], [IsDeptAdmin], [Status], [LastLogin]) VALUES (1023, N'NV0045', N'user45', N'Nhan Vien 45', N'nv45@company.com', 1, 1, 0, 0, N'1', '2026-06-29 07:18:42.177');
INSERT INTO [Users] ([UserID], [EmployeeCode], [Username], [FullName], [Email], [DepartmentID], [JobTitleID], [IsITAdmin], [IsDeptAdmin], [Status], [LastLogin]) VALUES (1024, N'NV0046', N'user46', N'Nhan Vien 46', N'nv46@company.com', 2, 2, 0, 0, N'1', '2026-06-29 07:18:42.177');
INSERT INTO [Users] ([UserID], [EmployeeCode], [Username], [FullName], [Email], [DepartmentID], [JobTitleID], [IsITAdmin], [IsDeptAdmin], [Status], [LastLogin]) VALUES (1025, N'NV0047', N'user47', N'Nhan Vien 47', N'nv47@company.com', 3, 3, 0, 0, N'1', '2026-06-29 07:18:42.177');
INSERT INTO [Users] ([UserID], [EmployeeCode], [Username], [FullName], [Email], [DepartmentID], [JobTitleID], [IsITAdmin], [IsDeptAdmin], [Status], [LastLogin]) VALUES (1026, N'NV0048', N'user48', N'Nhan Vien 48', N'nv48@company.com', 1, 1, 0, 0, N'1', '2026-06-29 07:18:42.177');
INSERT INTO [Users] ([UserID], [EmployeeCode], [Username], [FullName], [Email], [DepartmentID], [JobTitleID], [IsITAdmin], [IsDeptAdmin], [Status], [LastLogin]) VALUES (1027, N'NV0049', N'user49', N'Nhan Vien 49', N'nv49@company.com', 2, 2, 0, 0, N'1', '2026-06-29 07:18:42.177');
INSERT INTO [Users] ([UserID], [EmployeeCode], [Username], [FullName], [Email], [DepartmentID], [JobTitleID], [IsITAdmin], [IsDeptAdmin], [Status], [LastLogin]) VALUES (1028, N'NV0050', N'user50', N'Nhan Vien 50', N'nv50@company.com', 3, 3, 0, 0, N'1', '2026-06-29 07:18:42.177');
INSERT INTO [Users] ([UserID], [EmployeeCode], [Username], [FullName], [Email], [DepartmentID], [JobTitleID], [IsITAdmin], [IsDeptAdmin], [Status], [LastLogin]) VALUES (1029, N'NV6054', N'anv6054', N'a', N'anv6054@basau.net', NULL, NULL, 0, 0, N'Active', NULL);
INSERT INTO [Users] ([UserID], [EmployeeCode], [Username], [FullName], [Email], [DepartmentID], [JobTitleID], [IsITAdmin], [IsDeptAdmin], [Status], [LastLogin]) VALUES (1031, N'NV7302', N'dhanv7302', N'dha', N'dhanv7302@basau.net', NULL, NULL, 0, 0, N'Active', NULL);
INSERT INTO [Users] ([UserID], [EmployeeCode], [Username], [FullName], [Email], [DepartmentID], [JobTitleID], [IsITAdmin], [IsDeptAdmin], [Status], [LastLogin]) VALUES (1032, N'NV4574', N'dhanv4574', N'dha', N'dhanv4574@basau.net', NULL, NULL, 0, 0, N'Active', NULL);
INSERT INTO [Users] ([UserID], [EmployeeCode], [Username], [FullName], [Email], [DepartmentID], [JobTitleID], [IsITAdmin], [IsDeptAdmin], [Status], [LastLogin]) VALUES (1033, N'NV4065', N'andhnv4065', N'Dương Hoài An', N'andhnv4065@basau.net', NULL, NULL, 0, 0, N'Active', NULL);
INSERT INTO [Users] ([UserID], [EmployeeCode], [Username], [FullName], [Email], [DepartmentID], [JobTitleID], [IsITAdmin], [IsDeptAdmin], [Status], [LastLogin]) VALUES (1034, N'NV1603', N'andhnv1603', N'Dương Hoài An', N'andhnv1603@basau.net', NULL, NULL, 0, 0, N'Active', NULL);
INSERT INTO [Users] ([UserID], [EmployeeCode], [Username], [FullName], [Email], [DepartmentID], [JobTitleID], [IsITAdmin], [IsDeptAdmin], [Status], [LastLogin]) VALUES (1035, N'NV1336', N'andhnv1336', N'Dương Hoài An', N'andhnv1336@basau.net', NULL, NULL, 0, 0, N'Active', NULL);
SET IDENTITY_INSERT [Users] OFF;

-- Table: Permissions
SET IDENTITY_INSERT [Permissions] ON;
INSERT INTO [Permissions] ([PermissionID], [PermissionKey], [Description]) VALUES (85, N'dashboard.view', N'Xem dashboard');
INSERT INTO [Permissions] ([PermissionID], [PermissionKey], [Description]) VALUES (86, N'users.manage', N'Quản lý người dùng');
INSERT INTO [Permissions] ([PermissionID], [PermissionKey], [Description]) VALUES (87, N'departments.manage', N'Quản lý phòng ban');
INSERT INTO [Permissions] ([PermissionID], [PermissionKey], [Description]) VALUES (88, N'courses.manage', N'Quản lý khóa học');
INSERT INTO [Permissions] ([PermissionID], [PermissionKey], [Description]) VALUES (89, N'content.modules.manage', N'QL kho chương');
INSERT INTO [Permissions] ([PermissionID], [PermissionKey], [Description]) VALUES (90, N'content.documents.manage', N'QL kho tài liệu');
INSERT INTO [Permissions] ([PermissionID], [PermissionKey], [Description]) VALUES (91, N'content.quizzes.manage', N'QL kho quiz');
INSERT INTO [Permissions] ([PermissionID], [PermissionKey], [Description]) VALUES (92, N'schedules.manage', N'Quản lý lịch học');
INSERT INTO [Permissions] ([PermissionID], [PermissionKey], [Description]) VALUES (93, N'attendance.manage', N'Quản lý điểm danh');
INSERT INTO [Permissions] ([PermissionID], [PermissionKey], [Description]) VALUES (94, N'analytics.view', N'Xem phân tích nâng cao');
INSERT INTO [Permissions] ([PermissionID], [PermissionKey], [Description]) VALUES (95, N'auditlogs.view', N'Xem nhật ký hoạt động');
INSERT INTO [Permissions] ([PermissionID], [PermissionKey], [Description]) VALUES (96, N'backup.manage', N'Quản lý backup');
INSERT INTO [Permissions] ([PermissionID], [PermissionKey], [Description]) VALUES (97, N'permissions.manage', N'Phân quyền hệ thống');
INSERT INTO [Permissions] ([PermissionID], [PermissionKey], [Description]) VALUES (98, N'newsletter.manage', N'Quản lý newsletter');
INSERT INTO [Permissions] ([PermissionID], [PermissionKey], [Description]) VALUES (99, N'settings.manage', N'Quản lý cài đặt hệ thống');
INSERT INTO [Permissions] ([PermissionID], [PermissionKey], [Description]) VALUES (100, N'course.levels.manage', N'Quản lý level khóa học');
INSERT INTO [Permissions] ([PermissionID], [PermissionKey], [Description]) VALUES (101, N'content.lessons.manage', N'QL bài học');
INSERT INTO [Permissions] ([PermissionID], [PermissionKey], [Description]) VALUES (102, N'categories.manage', N'Quản lý danh mục');
INSERT INTO [Permissions] ([PermissionID], [PermissionKey], [Description]) VALUES (103, N'faqs.manage', N'Quản lý FAQ');
INSERT INTO [Permissions] ([PermissionID], [PermissionKey], [Description]) VALUES (104, N'jobtitles.manage', N'Quản lý chức danh');
INSERT INTO [Permissions] ([PermissionID], [PermissionKey], [Description]) VALUES (105, N'reports.export', N'Xuất báo cáo');
INSERT INTO [Permissions] ([PermissionID], [PermissionKey], [Description]) VALUES (106, N'system.admin', N'Toàn quyền hệ thống');
SET IDENTITY_INSERT [Permissions] OFF;

-- Table: UserPermissions
INSERT INTO [UserPermissions] ([UserID], [PermissionID], [CreatedAt]) VALUES (106, 102, '2026-06-22 07:59:07.090');

-- Table: Categories
SET IDENTITY_INSERT [Categories] ON;
INSERT INTO [Categories] ([CategoryID], [CategoryName], [OwnerDeptID]) VALUES (21, N'Kỹ năng Lãnh đạo & Quản lý', 33);
INSERT INTO [Categories] ([CategoryID], [CategoryName], [OwnerDeptID]) VALUES (22, N'An toàn Lao động & Vận hành', 33);
INSERT INTO [Categories] ([CategoryID], [CategoryName], [OwnerDeptID]) VALUES (23, N'Kỹ năng Mềm & Phát triển Bản thân', 37);
INSERT INTO [Categories] ([CategoryID], [CategoryName], [OwnerDeptID]) VALUES (24, N'Nghiệp vụ Chuyên môn', 32);
INSERT INTO [Categories] ([CategoryID], [CategoryName], [OwnerDeptID]) VALUES (25, N'Công nghệ & Bảo mật', 36);
INSERT INTO [Categories] ([CategoryID], [CategoryName], [OwnerDeptID]) VALUES (26, N'Tài chính & Quy trình', 35);
SET IDENTITY_INSERT [Categories] OFF;

-- Table: Courses
SET IDENTITY_INSERT [Courses] ON;
INSERT INTO [Courses] ([CourseID], [CategoryID], [CourseCode], [Title], [Description], [Thumbnail], [IsMandatory], [Status], [Level], [CreatedBy], [TargetDepartmentID], [OwnerDepartmentID], [IsForAllDepartments], [TargetDepartmentIds], [CreatedAt], [StartDate], [EndDate]) VALUES (57, 24, N'Test01', N'Khóa học: Nâng Cấp Kỹ Năng Kỹ năng tiêu chuẩn của 1 tester trong dự án', N'học cách test tiêu chuẩn của 1 dự án', N'https://images.unsplash.com/photo-1590486803833-1c5dc8ddd4c8?auto=format&fit=crop&w=400&q=80', 1, N'Active', 1, 89, NULL, 33, 1, N'', '2026-06-12 23:16:42.437', '2026-06-17 00:00:00.000', '2026-06-19 00:00:00.000');
INSERT INTO [Courses] ([CourseID], [CategoryID], [CourseCode], [Title], [Description], [Thumbnail], [IsMandatory], [Status], [Level], [CreatedBy], [TargetDepartmentID], [OwnerDepartmentID], [IsForAllDepartments], [TargetDepartmentIds], [CreatedAt], [StartDate], [EndDate]) VALUES (58, 22, N'PRO102', N'Quy trình Vận hành Máy & Tiêu chuẩn 5S', N'Hướng dẫn công nhân cách vận hành máy móc an toàn, các bước bảo trì hàng ngày và áp dụng phương pháp 5S (Sàng lọc, Sắp xếp, Sạch sẽ, Săn sóc, Sẵn sàng) tại vị trí sản xuất.', N'https://images.unsplash.com/photo-1581091226825-a6a2a5aee158?auto=format&fit=crop&w=400&q=80', 1, N'Published', 1, 89, 33, 33, 0, NULL, '2026-06-12 23:16:42.437', NULL, NULL);
INSERT INTO [Courses] ([CourseID], [CategoryID], [CourseCode], [Title], [Description], [Thumbnail], [IsMandatory], [Status], [Level], [CreatedBy], [TargetDepartmentID], [OwnerDepartmentID], [IsForAllDepartments], [TargetDepartmentIds], [CreatedAt], [StartDate], [EndDate]) VALUES (59, 25, N'ITSEC101', N'An ninh thông tin & Phòng ngừa Phishing', N'Nâng cao nhận thức bảo mật, quy tắc đặt mật khẩu mạnh, nhận biết các email giả mạo và phương án báo cáo sự cố an ninh thông tin cho bộ phận IT.', N'https://images.unsplash.com/photo-1550751827-4bd374c3f58b?auto=format&fit=crop&w=400&q=80', 1, N'Published', 1, 103, 32, 36, 1, N'32', '2026-06-12 23:16:42.437', NULL, NULL);
INSERT INTO [Courses] ([CourseID], [CategoryID], [CourseCode], [Title], [Description], [Thumbnail], [IsMandatory], [Status], [Level], [CreatedBy], [TargetDepartmentID], [OwnerDepartmentID], [IsForAllDepartments], [TargetDepartmentIds], [CreatedAt], [StartDate], [EndDate]) VALUES (60, 21, N'SALES201', N'Kỹ năng Bán hàng & Chăm sóc Khách hàng', N'Quy trình tìm kiếm, tiếp cận khách hàng tiềm năng, kỹ năng telesales và đàm phán xử lý từ chối chuyên nghiệp để chốt hợp đồng hiệu quả.', N'https://images.unsplash.com/photo-1460925895917-afdab827c52f?auto=format&fit=crop&w=400&q=80', 0, N'Published', 2, 96, 34, 34, 0, NULL, '2026-06-12 23:16:42.437', NULL, NULL);
INSERT INTO [Courses] ([CourseID], [CategoryID], [CourseCode], [Title], [Description], [Thumbnail], [IsMandatory], [Status], [Level], [CreatedBy], [TargetDepartmentID], [OwnerDepartmentID], [IsForAllDepartments], [TargetDepartmentIds], [CreatedAt], [StartDate], [EndDate]) VALUES (61, 26, N'FIN201', N'Quy trình Thanh toán & Tạm ứng Nội bộ', N'Hướng dẫn chi tiết quy chế lập chứng từ hóa đơn, quy trình trình duyệt tạm ứng và quyết toán chi phí công tác dành cho toàn thể nhân viên.', N'https://images.unsplash.com/photo-1454165804606-c3d57bc86b40?auto=format&fit=crop&w=400&q=80', 0, N'Active', 1, 100, 32, 35, 1, N'32', '2026-06-12 23:16:42.437', '2026-06-27 00:00:00.000', '2026-07-11 00:00:00.000');
INSERT INTO [Courses] ([CourseID], [CategoryID], [CourseCode], [Title], [Description], [Thumbnail], [IsMandatory], [Status], [Level], [CreatedBy], [TargetDepartmentID], [OwnerDepartmentID], [IsForAllDepartments], [TargetDepartmentIds], [CreatedAt], [StartDate], [EndDate]) VALUES (81, NULL, N'ATTTDN101', N'An toàn thông tin doanh nghiệp', N'Hướng dẫn nhân viên cách nhận biết và phòng ngừa các mối đe dọa bảo mật thông tin trong công việc hàng ngày.', NULL, 0, N'Published', NULL, 103, 36, 36, NULL, NULL, '2026-06-29 12:24:55.113', NULL, NULL);
SET IDENTITY_INSERT [Courses] OFF;

-- Table: CourseModules
SET IDENTITY_INSERT [CourseModules] ON;
INSERT INTO [CourseModules] ([ModuleID], [CourseID], [Title], [SortOrder], [Level], [TargetDepartmentID]) VALUES (74, 58, N'Chương 1: Tổng quan về An toàn & Bảo hộ lao động', 1, 1, NULL);
INSERT INTO [CourseModules] ([ModuleID], [CourseID], [Title], [SortOrder], [Level], [TargetDepartmentID]) VALUES (75, 57, N'Chương 2: Phòng cháy chữa cháy & Cứu nạn cứu hộ', 2, 1, NULL);
INSERT INTO [CourseModules] ([ModuleID], [CourseID], [Title], [SortOrder], [Level], [TargetDepartmentID]) VALUES (76, 57, N'Chương 3: An toàn Điện & An toàn Hóa chất', 3, 1, NULL);
INSERT INTO [CourseModules] ([ModuleID], [CourseID], [Title], [SortOrder], [Level], [TargetDepartmentID]) VALUES (77, 58, N'Chương 1: Tiêu chuẩn 5S Nhật Bản trong sản xuất', 1, 1, NULL);
INSERT INTO [CourseModules] ([ModuleID], [CourseID], [Title], [SortOrder], [Level], [TargetDepartmentID]) VALUES (79, 59, N'Chương 1: Bảo mật tài khoản & Đặt mật khẩu an toàn', 1, 1, NULL);
INSERT INTO [CourseModules] ([ModuleID], [CourseID], [Title], [SortOrder], [Level], [TargetDepartmentID]) VALUES (80, 59, N'Chương 2: Nhận diện Email giả mạo (Phishing)', 2, 1, NULL);
INSERT INTO [CourseModules] ([ModuleID], [CourseID], [Title], [SortOrder], [Level], [TargetDepartmentID]) VALUES (81, 60, N'Chương 1: Quy trình Tìm kiếm & Tiếp cận Khách hàng', 1, 2, NULL);
INSERT INTO [CourseModules] ([ModuleID], [CourseID], [Title], [SortOrder], [Level], [TargetDepartmentID]) VALUES (82, 60, N'Chương 2: Kỹ năng Xử lý Từ chối & Chốt sales', 2, 2, NULL);
INSERT INTO [CourseModules] ([ModuleID], [CourseID], [Title], [SortOrder], [Level], [TargetDepartmentID]) VALUES (83, 61, N'Chương 1: Quy định Hóa đơn & Chứng từ hợp lệ', 1, 1, NULL);
INSERT INTO [CourseModules] ([ModuleID], [CourseID], [Title], [SortOrder], [Level], [TargetDepartmentID]) VALUES (84, 61, N'Chương 2: Quy trình Tạm ứng & Thanh quyết toán Chi phí', 2, 1, NULL);
INSERT INTO [CourseModules] ([ModuleID], [CourseID], [Title], [SortOrder], [Level], [TargetDepartmentID]) VALUES (116, 57, N'Test case cơ bản', 5, 1, NULL);
INSERT INTO [CourseModules] ([ModuleID], [CourseID], [Title], [SortOrder], [Level], [TargetDepartmentID]) VALUES (117, 58, N'Trồng cây đúng cách', 0, 1, 33);
INSERT INTO [CourseModules] ([ModuleID], [CourseID], [Title], [SortOrder], [Level], [TargetDepartmentID]) VALUES (122, 81, N'CHƯƠNG 1: Tổng quan về An toàn thông tin', 1, NULL, NULL);
INSERT INTO [CourseModules] ([ModuleID], [CourseID], [Title], [SortOrder], [Level], [TargetDepartmentID]) VALUES (123, 81, N'CHƯƠNG 2: Nguyên tắc bảo mật mật khẩu', 2, NULL, NULL);
SET IDENTITY_INSERT [CourseModules] OFF;

-- Table: Lessons
SET IDENTITY_INSERT [Lessons] ON;
INSERT INTO [Lessons] ([LessonID], [ModuleID], [Title], [ContentType], [ContentBody], [VideoURL], [Level], [SortOrder]) VALUES (87, 74, N'Bài 1: Nội quy an toàn chung tại nhà máy', N'Text', N'<h1>Nội quy an toàn lao động nhà máy</h1><p>1. Tất cả nhân viên và khách tham quan phải mặc trang phục bảo hộ phù hợp khi bước vào khu vực sản xuất.</p><p>2. Không vận hành bất kỳ thiết bị nào khi chưa được đào tạo hoặc hướng dẫn cụ thể từ tổ trưởng.</p><p>3. Tuyệt đối tuân thủ biển cảnh báo và rào chắn an toàn.</p>', N'https://www.w3schools.com/html/mov_bbb.mp4', 1, 1);
INSERT INTO [Lessons] ([LessonID], [ModuleID], [Title], [ContentType], [ContentBody], [VideoURL], [Level], [SortOrder]) VALUES (88, 74, N'Bài 2: Sử dụng trang thiết bị bảo hộ cá nhân (PPE)', N'Text', N'<h1>Hướng dẫn sử dụng PPE đúng cách</h1><p>PPE bao gồm: Mũ bảo hộ, Kính an toàn, Nút tai chống ồn, Găng tay bảo hộ và Giày mũi sắt chống đinh.</p><p>Nhân viên có trách nhiệm kiểm tra thiết bị bảo hộ của mình trước mỗi ca làm việc để phát hiện hư hỏng kịp thời.</p>', N'', 1, 2);
INSERT INTO [Lessons] ([LessonID], [ModuleID], [Title], [ContentType], [ContentBody], [VideoURL], [Level], [SortOrder]) VALUES (89, 75, N'Bài 1: Quy trình ứng phó khi có hỏa hoạn xảy ra', N'Text', N'<h1>Hệ thống phòng cháy chữa cháy</h1><p>Trong trường hợp có còi báo cháy: Ngắt nguồn điện máy móc gần nhất, di chuyển nhanh ra lối thoát hiểm gần nhất theo chỉ dẫn đèn Exit.</p>', N'https://www.w3schools.com/html/movie.mp4', 1, 1);
INSERT INTO [Lessons] ([LessonID], [ModuleID], [Title], [ContentType], [ContentBody], [VideoURL], [Level], [SortOrder]) VALUES (90, 75, N'Bài 2: Kỹ thuật sử dụng bình chữa cháy CO2 và bình bột', N'Text', N'<h1>Sử dụng bình cứu hỏa xách tay</h1><p>Sử dụng quy tắc PASS khi dùng bình cứu hỏa: Pull pin (Rút chốt) - Aim low (Hướng vòi vào gốc lửa) - Squeeze lever (Bóp cò) - Sweep (Quét qua lại).</p>', N'', 1, 2);
INSERT INTO [Lessons] ([LessonID], [ModuleID], [Title], [ContentType], [ContentBody], [VideoURL], [Level], [SortOrder]) VALUES (91, 76, N'Bài 1: Quy tắc an toàn điện trong vận hành máy móc', N'Text', N'<h1>Nguyên tắc an toàn điện</h1><p>Không dùng tay ướt cắm phích điện hoặc chạm vào tủ điện chính. Bảo đảm thiết bị đã được nối đất và có aptomat chống giật.</p>', N'https://www.w3schools.com/html/mov_bbb.mp4', 1, 1);
INSERT INTO [Lessons] ([LessonID], [ModuleID], [Title], [ContentType], [ContentBody], [VideoURL], [Level], [SortOrder]) VALUES (92, 76, N'Bài 2: Xử lý sự cố rò rỉ hóa chất và sơ cứu ban đầu', N'Text', N'<h1>Quy trình xử lý hóa chất tràn đổ</h1><p>Khi hóa chất tràn đổ, khoanh vùng rò rỉ, dùng cát thấm chất lỏng và đeo khẩu trang chống hơi độc để dọn dẹp. Rửa sạch da/mắt dưới vòi nước sạch 15 phút nếu dính hóa chất.</p>', N'', 1, 2);
INSERT INTO [Lessons] ([LessonID], [ModuleID], [Title], [ContentType], [ContentBody], [VideoURL], [Level], [SortOrder]) VALUES (93, 77, N'Bài 1: 5S là gì? Thực hành Seiri, Seiton, Seiso, Seiketsu, Shitsuke', N'Text', N'<h1>Khái niệm 5S Nhật Bản</h1><p>1. Seiri (Sàng lọc): Loại bỏ vật dụng không cần thiết.<br>2. Seiton (Sắp xếp): Đặt vật dụng đúng nơi quy định.<br>3. Seiso (Sạch sẽ): Lau chùi vệ sinh máy móc hàng ngày.<br>4. Seiketsu (Săn sóc): Duy trì và chuẩn hóa 3S trên.<br>5. Shitsuke (Sẵn sàng): Tạo thói quen tự giác tuân thủ.</p>', N'https://www.w3schools.com/html/movie.mp4', 1, 1);
INSERT INTO [Lessons] ([LessonID], [ModuleID], [Title], [ContentType], [ContentBody], [VideoURL], [Level], [SortOrder]) VALUES (94, NULL, N'Bài 1: Quy trình khởi động, kiểm tra và tắt máy an toàn', N'Text', N'<h1>Vận hành máy đúng kỹ thuật</h1><p>Bước 1: Kiểm tra ngoại quan máy và dây dẫn điện.<br>Bước 2: Bật công tắc nguồn chính.<br>Bước 3: Nhấn nút Start. Lưu ý luôn giữ tay khô ráo khi thao tác điện.<br>Khi hoàn thành ca hoặc có sự cố, nhấn nút dừng khẩn cấp (Emergency Stop) để dừng máy ngay lập tức.</p>', N'', 1, 1);
INSERT INTO [Lessons] ([LessonID], [ModuleID], [Title], [ContentType], [ContentBody], [VideoURL], [Level], [SortOrder]) VALUES (95, 117, N'Bài 1: Nguyên tắc đặt mật khẩu mạnh và bảo mật đa lớp (MFA)', N'Text', N'<h1>Quy tắc đặt mật khẩu mạnh</h1><p>Mật khẩu tối thiểu 8 ký tự, kết hợp chữ hoa, chữ thường, số và ký tự đặc biệt. Kích hoạt tính năng MFA (xác thực đa nhân tố) trên tài khoản làm việc của công ty.</p>', N'https://www.w3schools.com/html/mov_bbb.mp4', 1, 1);
INSERT INTO [Lessons] ([LessonID], [ModuleID], [Title], [ContentType], [ContentBody], [VideoURL], [Level], [SortOrder]) VALUES (96, 80, N'Bài 1: Cách kiểm tra liên kết lạ và xử lý khi nghi ngờ bị tấn công Phishing', N'Text', N'<h1>Phòng chống Phishing email</h1><p>Phishing là hình thức kẻ giả danh đối tác, sếp dụ người dùng nhấp vào link độc hại. Quy tắc vàng: Không nhấp link lạ trong email khẩn cấp, di chuột lên link để xem URL thực tế.</p>', N'', 1, 1);
INSERT INTO [Lessons] ([LessonID], [ModuleID], [Title], [ContentType], [ContentBody], [VideoURL], [Level], [SortOrder]) VALUES (97, 81, N'Bài 1: Xác định chân dung khách hàng và kỹ thuật chào hàng qua điện thoại (Telesales)', N'Text', N'<h1>Tìm kiếm Khách hàng</h1><p>Phân tích nhu cầu của doanh nghiệp để vẽ chân dung khách hàng. Chuẩn bị kịch bản cuộc gọi điện thoại chào hàng, hướng tới mục tiêu thiết lập một buổi hẹn gặp trực tiếp.</p>', N'https://www.w3schools.com/html/movie.mp4', 2, 1);
INSERT INTO [Lessons] ([LessonID], [ModuleID], [Title], [ContentType], [ContentBody], [VideoURL], [Level], [SortOrder]) VALUES (98, 82, N'Bài 1: Các tình huống từ chối phổ biến và phương pháp đàm phán thuyết phục', N'Text', N'<h1>Xử lý từ chối trong bán hàng</h1><p>Khi khách hàng từ chối về giá, hãy nhấn mạnh giá trị sản phẩm mang lại so với đối thủ và đưa ra bài toán lợi ích kinh tế lâu dài thay vì giảm giá vội vàng.</p>', N'', 2, 1);
INSERT INTO [Lessons] ([LessonID], [ModuleID], [Title], [ContentType], [ContentBody], [VideoURL], [Level], [SortOrder]) VALUES (99, 83, N'Bài 1: Cách phân biệt hóa đơn GTGT hợp pháp và chứng từ thanh toán hợp lệ', N'Text', N'<h1>Hóa đơn chứng từ kế toán</h1><p>Hóa đơn mua hàng từ 20 triệu trở lên bắt buộc phải chuyển khoản qua tài khoản ngân hàng của công ty. Hóa đơn GTGT đầu vào phải ghi chính xác tên doanh nghiệp và mã số thuế.</p>', N'https://www.w3schools.com/html/mov_bbb.mp4', 1, 1);
INSERT INTO [Lessons] ([LessonID], [ModuleID], [Title], [ContentType], [ContentBody], [VideoURL], [Level], [SortOrder]) VALUES (100, 84, N'Bài 1: Hướng dẫn lập đề nghị tạm ứng, duyệt chi và hoàn ứng đúng thời hạn', N'Text', N'<h1>Tạm ứng và hoàn ứng</h1><p>Nhân viên lập phiếu đề xuất tạm ứng chi phí công tác được duyệt bởi trưởng phòng. Hoàn ứng trong vòng tối đa 5 ngày làm việc sau khi kết thúc công tác kèm đầy đủ hóa đơn chứng từ.</p>', N'', 1, 1);
INSERT INTO [Lessons] ([LessonID], [ModuleID], [Title], [ContentType], [ContentBody], [VideoURL], [Level], [SortOrder]) VALUES (122, NULL, N'BÀI 1.1: Tầm quan trọng của việc bảo mật', N'Document', N'<p>1. Trong thời đại số, dữ liệu là tài sản quý giá nhất của doanh nghiệp. Rò rỉ thông tin có thể gây ra thiệt hại tài chính nghiêm trọng và làm mất uy tín thương hiệu. Nhân viên là tuyến phòng thủ đầu tiên và cũng là mục tiêu tấn công hàng đầu của các hacker.</p>
', NULL, NULL, 1);
INSERT INTO [Lessons] ([LessonID], [ModuleID], [Title], [ContentType], [ContentBody], [VideoURL], [Level], [SortOrder]) VALUES (123, NULL, N'BÀI 1.2: Các hình thức tấn công phổ biến', N'Document', N'<p>Nội dung bài học: Phishing (tấn công giả mạo) qua email là hình thức phổ biến nhất. Hacker sẽ gửi email giả mạo các tổ chức uy tín (như ngân hàng, bộ phận IT) để lừa nhân viên click vào link độc hại hoặc cung cấp mật khẩu. Ngoài ra còn có mã độc tống tiền (Ransomware) mã hóa dữ liệu của máy tính.</p>
', NULL, NULL, 2);
INSERT INTO [Lessons] ([LessonID], [ModuleID], [Title], [ContentType], [ContentBody], [VideoURL], [Level], [SortOrder]) VALUES (124, NULL, N'BÀI 2.1: Cách đặt mật khẩu an toàn', N'Document', N'<p>Nội dung bài học: Mật khẩu an toàn phải có độ dài tối thiểu 12 ký tự, bao gồm chữ hoa, chữ thường, chữ số và ký tự đặc biệt. Tuyệt đối không dùng thông tin cá nhân như ngày sinh, số điện thoại để đặt mật khẩu. Nên sử dụng phần mềm quản lý mật khẩu (Password Manager) để lưu trữ.</p>
', NULL, NULL, 1);
INSERT INTO [Lessons] ([LessonID], [ModuleID], [Title], [ContentType], [ContentBody], [VideoURL], [Level], [SortOrder]) VALUES (131, NULL, N'BÀI 1.1: Tầm quan trọng của việc bảo mật', N'Document', N'<p>1. Trong thời đại số, dữ liệu là tài sản quý giá nhất của doanh nghiệp. Rò rỉ thông tin có thể gây ra thiệt hại tài chính nghiêm trọng và làm mất uy tín thương hiệu. Nhân viên là tuyến phòng thủ đầu tiên và cũng là mục tiêu tấn công hàng đầu của các hacker.</p>
', NULL, NULL, 1);
INSERT INTO [Lessons] ([LessonID], [ModuleID], [Title], [ContentType], [ContentBody], [VideoURL], [Level], [SortOrder]) VALUES (132, NULL, N'BÀI 1.2: Các hình thức tấn công phổ biến', N'Document', N'<p>Nội dung bài học: Phishing (tấn công giả mạo) qua email là hình thức phổ biến nhất. Hacker sẽ gửi email giả mạo các tổ chức uy tín (như ngân hàng, bộ phận IT) để lừa nhân viên click vào link độc hại hoặc cung cấp mật khẩu. Ngoài ra còn có mã độc tống tiền (Ransomware) mã hóa dữ liệu của máy tính.</p>
', NULL, NULL, 2);
INSERT INTO [Lessons] ([LessonID], [ModuleID], [Title], [ContentType], [ContentBody], [VideoURL], [Level], [SortOrder]) VALUES (133, NULL, N'BÀI 2.1: Cách đặt mật khẩu an toàn', N'Document', N'<p>Nội dung bài học: Mật khẩu an toàn phải có độ dài tối thiểu 12 ký tự, bao gồm chữ hoa, chữ thường, chữ số và ký tự đặc biệt. Tuyệt đối không dùng thông tin cá nhân như ngày sinh, số điện thoại để đặt mật khẩu. Nên sử dụng phần mềm quản lý mật khẩu (Password Manager) để lưu trữ.</p>
', NULL, NULL, 1);
INSERT INTO [Lessons] ([LessonID], [ModuleID], [Title], [ContentType], [ContentBody], [VideoURL], [Level], [SortOrder]) VALUES (134, NULL, N'BÀI 1.1: Xây dựng kịch bản Telesale', N'Document', N'<p>Nội dung bài học: Kịch bản là xương sống của cuộc gọi. Một kịch bản chuẩn gồm 4 phần: Chào hỏi gây ấn tượng, Đặt câu hỏi khai thác nhu cầu, Đưa ra giải pháp/giá trị nổi bật, và Kêu gọi hành động (CTA). Giáo viên cần tập luyện để giọng nói tự nhiên, không đọc nguyên văn kịch bản.</p>
', NULL, NULL, 1);
INSERT INTO [Lessons] ([LessonID], [ModuleID], [Title], [ContentType], [ContentBody], [VideoURL], [Level], [SortOrder]) VALUES (135, NULL, N'BÀI 1.2: Chuẩn bị tâm lý và năng lượng', N'Document', N'<p>Nội dung bài học: Khách hàng có thể cảm nhận được cảm xúc của bạn qua giọng nói. Trước khi gọi, hãy hít thở sâu, ngồi thẳng lưng và luôn nở nụ cười. Giọng nói cần rõ ràng, tốc độ vừa phải, tràn đầy năng lượng tích cực.</p>
', NULL, NULL, 2);
INSERT INTO [Lessons] ([LessonID], [ModuleID], [Title], [ContentType], [ContentBody], [VideoURL], [Level], [SortOrder]) VALUES (136, NULL, N'BÀI 2.1: Quy tắc lắng nghe và đồng cảm', N'Document', N'<p>Nội dung bài học: Khi khách hàng từ chối (ví dụ: ''Anh bận lắm'', ''Giá đắt quá''), tuyệt đối không tranh cãi. Hãy áp dụng quy tắc lắng nghe chân thành, sau đó đồng cảm: ''Dạ em hoàn toàn hiểu khó khăn của anh...'', tiếp theo cô lập vấn đề và giải thích giá trị thực tế của sản phẩm giúp họ tiết kiệm chi phí.</p>
', NULL, NULL, 1);
INSERT INTO [Lessons] ([LessonID], [ModuleID], [Title], [ContentType], [ContentBody], [VideoURL], [Level], [SortOrder]) VALUES (152, 122, N'BÀI 1.1: Tầm quan trọng của việc bảo mật', N'Document', N'<p>1. Trong thời đại số, dữ liệu là tài sản quý giá nhất của doanh nghiệp. Rò rỉ thông tin có thể gây ra thiệt hại tài chính nghiêm trọng và làm mất uy tín thương hiệu. Nhân viên là tuyến phòng thủ đầu tiên và cũng là mục tiêu tấn công hàng đầu của các hacker.</p>
', NULL, NULL, 1);
INSERT INTO [Lessons] ([LessonID], [ModuleID], [Title], [ContentType], [ContentBody], [VideoURL], [Level], [SortOrder]) VALUES (153, 122, N'BÀI 1.2: Các hình thức tấn công phổ biến', N'Document', N'<p>Nội dung bài học: Phishing (tấn công giả mạo) qua email là hình thức phổ biến nhất. Hacker sẽ gửi email giả mạo các tổ chức uy tín (như ngân hàng, bộ phận IT) để lừa nhân viên click vào link độc hại hoặc cung cấp mật khẩu. Ngoài ra còn có mã độc tống tiền (Ransomware) mã hóa dữ liệu của máy tính.</p>
', NULL, NULL, 2);
INSERT INTO [Lessons] ([LessonID], [ModuleID], [Title], [ContentType], [ContentBody], [VideoURL], [Level], [SortOrder]) VALUES (154, 123, N'BÀI 2.1: Cách đặt mật khẩu an toàn', N'Document', N'<p>Nội dung bài học: Mật khẩu an toàn phải có độ dài tối thiểu 12 ký tự, bao gồm chữ hoa, chữ thường, chữ số và ký tự đặc biệt. Tuyệt đối không dùng thông tin cá nhân như ngày sinh, số điện thoại để đặt mật khẩu. Nên sử dụng phần mềm quản lý mật khẩu (Password Manager) để lưu trữ.</p>
', NULL, NULL, 1);
SET IDENTITY_INSERT [Lessons] OFF;

-- Table: LessonAttachments
SET IDENTITY_INSERT [LessonAttachments] ON;
INSERT INTO [LessonAttachments] ([AttachmentID], [LessonID], [FileName], [FilePath]) VALUES (16, 87, N'Nội quy An toàn nhà xưởng 2026.pdf', N'/attachments/Safety_Rules_2026.pdf');
INSERT INTO [LessonAttachments] ([AttachmentID], [LessonID], [FileName], [FilePath]) VALUES (17, 88, N'Danh mục thiết bị PPE tiêu chuẩn.pdf', N'/attachments/PPE_List.pdf');
INSERT INTO [LessonAttachments] ([AttachmentID], [LessonID], [FileName], [FilePath]) VALUES (18, 90, N'Cẩm nang PCCC công nghiệp.pdf', N'/attachments/PCCC_Guide.pdf');
INSERT INTO [LessonAttachments] ([AttachmentID], [LessonID], [FileName], [FilePath]) VALUES (19, 91, N'Tiêu chuẩn an toàn điện cao áp.pdf', N'/attachments/Electrical_Safety.pdf');
INSERT INTO [LessonAttachments] ([AttachmentID], [LessonID], [FileName], [FilePath]) VALUES (20, 99, N'Mẫu hóa đơn GTGT hợp lệ.pdf', N'/attachments/Valid_Invoice_Template.pdf');
SET IDENTITY_INSERT [LessonAttachments] OFF;

-- Table: Exams
SET IDENTITY_INSERT [Exams] ON;
INSERT INTO [Exams] ([ExamID], [CourseID], [ExamTitle], [DurationMinutes], [PassScore], [Level], [MaxAttempts], [StartDate], [EndDate], [TargetDepartmentId], [ModuleID]) VALUES (73, 57, N'HSE101 - Trắc nghiệm Chương 1: Quy tắc an toàn & PPE', 15, 100.00, 1, 3, '2026-06-11 00:00:00.000', '2026-06-27 00:00:00.000', NULL, 74);
INSERT INTO [Exams] ([ExamID], [CourseID], [ExamTitle], [DurationMinutes], [PassScore], [Level], [MaxAttempts], [StartDate], [EndDate], [TargetDepartmentId], [ModuleID]) VALUES (74, 57, N'HSE101 - Trắc nghiệm Chương 2: PCCC & Cứu nạn cứu hộ', 15, 100.00, 1, 3, '2026-06-11 00:00:00.000', '2026-06-27 00:00:00.000', NULL, 75);
INSERT INTO [Exams] ([ExamID], [CourseID], [ExamTitle], [DurationMinutes], [PassScore], [Level], [MaxAttempts], [StartDate], [EndDate], [TargetDepartmentId], [ModuleID]) VALUES (75, 57, N'HSE101 - Trắc nghiệm Chương 3: An toàn Điện & Hóa chất', 20, 100.00, 1, 5, '2026-06-11 00:00:00.000', '2026-06-27 00:00:00.000', NULL, 76);
INSERT INTO [Exams] ([ExamID], [CourseID], [ExamTitle], [DurationMinutes], [PassScore], [Level], [MaxAttempts], [StartDate], [EndDate], [TargetDepartmentId], [ModuleID]) VALUES (76, 58, N'PRO102 - Trắc nghiệm Chương 1: Đánh giá tiêu chuẩn 5S', 10, 100.00, 1, 20, '2026-06-11 00:00:00.000', '2026-07-12 00:00:00.000', NULL, 77);
INSERT INTO [Exams] ([ExamID], [CourseID], [ExamTitle], [DurationMinutes], [PassScore], [Level], [MaxAttempts], [StartDate], [EndDate], [TargetDepartmentId], [ModuleID]) VALUES (77, 58, N'PRO102 - Trắc nghiệm Chương 2: Vận hành máy & Sự cố', 10, 100.00, 1, 20, '2026-06-11 00:00:00.000', '2026-07-12 00:00:00.000', NULL, NULL);
INSERT INTO [Exams] ([ExamID], [CourseID], [ExamTitle], [DurationMinutes], [PassScore], [Level], [MaxAttempts], [StartDate], [EndDate], [TargetDepartmentId], [ModuleID]) VALUES (79, 59, N'ITSEC101 - Trắc nghiệm Chương 2: Phòng chống Phishing', 15, 100.00, 1, 3, '2026-06-11 00:00:00.000', '2026-06-27 00:00:00.000', NULL, 80);
INSERT INTO [Exams] ([ExamID], [CourseID], [ExamTitle], [DurationMinutes], [PassScore], [Level], [MaxAttempts], [StartDate], [EndDate], [TargetDepartmentId], [ModuleID]) VALUES (80, 60, N'SALES201 - Trắc nghiệm Chương 1: Tìm kiếm & Tiếp cận', 10, 80.00, 2, 3, '2026-06-11 00:00:00.000', '2026-06-27 00:00:00.000', NULL, 81);
INSERT INTO [Exams] ([ExamID], [CourseID], [ExamTitle], [DurationMinutes], [PassScore], [Level], [MaxAttempts], [StartDate], [EndDate], [TargetDepartmentId], [ModuleID]) VALUES (81, 60, N'SALES201 - Trắc nghiệm Chương 2: Xử lý từ chối', 15, 80.00, 2, 3, '2026-06-11 00:00:00.000', '2026-06-27 00:00:00.000', NULL, 82);
INSERT INTO [Exams] ([ExamID], [CourseID], [ExamTitle], [DurationMinutes], [PassScore], [Level], [MaxAttempts], [StartDate], [EndDate], [TargetDepartmentId], [ModuleID]) VALUES (82, 61, N'FIN201 - Trắc nghiệm Chương 1: Hóa đơn & Chứng từ', 10, 100.00, 1, 3, '2026-06-11 00:00:00.000', '2026-06-27 00:00:00.000', NULL, 83);
INSERT INTO [Exams] ([ExamID], [CourseID], [ExamTitle], [DurationMinutes], [PassScore], [Level], [MaxAttempts], [StartDate], [EndDate], [TargetDepartmentId], [ModuleID]) VALUES (132, NULL, N'an toàn vận hành', 30, 50.00, 1, 50, '2026-06-29 00:00:00.000', '2026-07-17 00:00:00.000', 32, NULL);
INSERT INTO [Exams] ([ExamID], [CourseID], [ExamTitle], [DurationMinutes], [PassScore], [Level], [MaxAttempts], [StartDate], [EndDate], [TargetDepartmentId], [ModuleID]) VALUES (134, NULL, N'an toàn thiết bị', 30, 50.00, 2, 50, NULL, NULL, NULL, NULL);
INSERT INTO [Exams] ([ExamID], [CourseID], [ExamTitle], [DurationMinutes], [PassScore], [Level], [MaxAttempts], [StartDate], [EndDate], [TargetDepartmentId], [ModuleID]) VALUES (139, 81, N'Bài Kiểm Tra: CHƯƠNG 1: Tổng quan về An toàn thông tin (Bản thảo AI)', 30, 80.00, NULL, 3, '2026-06-29 00:00:00.000', '2027-06-29 00:00:00.000', 36, 122);
INSERT INTO [Exams] ([ExamID], [CourseID], [ExamTitle], [DurationMinutes], [PassScore], [Level], [MaxAttempts], [StartDate], [EndDate], [TargetDepartmentId], [ModuleID]) VALUES (140, 81, N'Bài Kiểm Tra: CHƯƠNG 2: Nguyên tắc bảo mật mật khẩu (Bản thảo AI)', 30, 80.00, NULL, 3, '2026-06-29 00:00:00.000', '2027-06-29 00:00:00.000', 36, 123);
INSERT INTO [Exams] ([ExamID], [CourseID], [ExamTitle], [DurationMinutes], [PassScore], [Level], [MaxAttempts], [StartDate], [EndDate], [TargetDepartmentId], [ModuleID]) VALUES (142, NULL, N'Bài kiểm tra từ tài liệu (Local Parser)', 30, 50.00, NULL, 1, NULL, NULL, NULL, NULL);
SET IDENTITY_INSERT [Exams] OFF;

-- Table: ExamQuestions
INSERT INTO [ExamQuestions] ([ExamID], [QuestionID], [Points]) VALUES (73, 211, 10.00);
INSERT INTO [ExamQuestions] ([ExamID], [QuestionID], [Points]) VALUES (73, 212, 10.00);
INSERT INTO [ExamQuestions] ([ExamID], [QuestionID], [Points]) VALUES (73, 213, 10.00);
INSERT INTO [ExamQuestions] ([ExamID], [QuestionID], [Points]) VALUES (73, 214, 10.00);
INSERT INTO [ExamQuestions] ([ExamID], [QuestionID], [Points]) VALUES (73, 215, 10.00);
INSERT INTO [ExamQuestions] ([ExamID], [QuestionID], [Points]) VALUES (73, 216, 10.00);
INSERT INTO [ExamQuestions] ([ExamID], [QuestionID], [Points]) VALUES (73, 217, 10.00);
INSERT INTO [ExamQuestions] ([ExamID], [QuestionID], [Points]) VALUES (73, 218, 10.00);
INSERT INTO [ExamQuestions] ([ExamID], [QuestionID], [Points]) VALUES (73, 219, 10.00);
INSERT INTO [ExamQuestions] ([ExamID], [QuestionID], [Points]) VALUES (73, 220, 10.00);
INSERT INTO [ExamQuestions] ([ExamID], [QuestionID], [Points]) VALUES (74, 221, 8.33);
INSERT INTO [ExamQuestions] ([ExamID], [QuestionID], [Points]) VALUES (74, 222, 8.33);
INSERT INTO [ExamQuestions] ([ExamID], [QuestionID], [Points]) VALUES (74, 223, 8.33);
INSERT INTO [ExamQuestions] ([ExamID], [QuestionID], [Points]) VALUES (74, 224, 8.33);
INSERT INTO [ExamQuestions] ([ExamID], [QuestionID], [Points]) VALUES (74, 225, 8.33);
INSERT INTO [ExamQuestions] ([ExamID], [QuestionID], [Points]) VALUES (74, 226, 8.33);
INSERT INTO [ExamQuestions] ([ExamID], [QuestionID], [Points]) VALUES (74, 227, 8.33);
INSERT INTO [ExamQuestions] ([ExamID], [QuestionID], [Points]) VALUES (74, 228, 8.33);
INSERT INTO [ExamQuestions] ([ExamID], [QuestionID], [Points]) VALUES (74, 229, 8.33);
INSERT INTO [ExamQuestions] ([ExamID], [QuestionID], [Points]) VALUES (74, 230, 8.33);
INSERT INTO [ExamQuestions] ([ExamID], [QuestionID], [Points]) VALUES (74, 231, 8.33);
INSERT INTO [ExamQuestions] ([ExamID], [QuestionID], [Points]) VALUES (74, 232, 8.33);
INSERT INTO [ExamQuestions] ([ExamID], [QuestionID], [Points]) VALUES (75, 233, 6.66);
INSERT INTO [ExamQuestions] ([ExamID], [QuestionID], [Points]) VALUES (75, 234, 6.66);
INSERT INTO [ExamQuestions] ([ExamID], [QuestionID], [Points]) VALUES (75, 235, 6.66);
INSERT INTO [ExamQuestions] ([ExamID], [QuestionID], [Points]) VALUES (75, 236, 6.66);
INSERT INTO [ExamQuestions] ([ExamID], [QuestionID], [Points]) VALUES (75, 237, 6.66);
INSERT INTO [ExamQuestions] ([ExamID], [QuestionID], [Points]) VALUES (75, 238, 6.66);
INSERT INTO [ExamQuestions] ([ExamID], [QuestionID], [Points]) VALUES (75, 239, 6.66);
INSERT INTO [ExamQuestions] ([ExamID], [QuestionID], [Points]) VALUES (75, 240, 6.66);
INSERT INTO [ExamQuestions] ([ExamID], [QuestionID], [Points]) VALUES (75, 241, 6.66);
INSERT INTO [ExamQuestions] ([ExamID], [QuestionID], [Points]) VALUES (75, 242, 6.66);
INSERT INTO [ExamQuestions] ([ExamID], [QuestionID], [Points]) VALUES (75, 243, 6.66);
INSERT INTO [ExamQuestions] ([ExamID], [QuestionID], [Points]) VALUES (75, 244, 6.66);
INSERT INTO [ExamQuestions] ([ExamID], [QuestionID], [Points]) VALUES (75, 245, 6.66);
INSERT INTO [ExamQuestions] ([ExamID], [QuestionID], [Points]) VALUES (75, 246, 6.66);
INSERT INTO [ExamQuestions] ([ExamID], [QuestionID], [Points]) VALUES (75, 247, 6.66);
INSERT INTO [ExamQuestions] ([ExamID], [QuestionID], [Points]) VALUES (76, 248, 10.00);
INSERT INTO [ExamQuestions] ([ExamID], [QuestionID], [Points]) VALUES (76, 249, 10.00);
INSERT INTO [ExamQuestions] ([ExamID], [QuestionID], [Points]) VALUES (76, 250, 10.00);
INSERT INTO [ExamQuestions] ([ExamID], [QuestionID], [Points]) VALUES (76, 251, 10.00);
INSERT INTO [ExamQuestions] ([ExamID], [QuestionID], [Points]) VALUES (76, 252, 10.00);
INSERT INTO [ExamQuestions] ([ExamID], [QuestionID], [Points]) VALUES (76, 253, 10.00);
INSERT INTO [ExamQuestions] ([ExamID], [QuestionID], [Points]) VALUES (76, 254, 10.00);
INSERT INTO [ExamQuestions] ([ExamID], [QuestionID], [Points]) VALUES (76, 255, 10.00);
INSERT INTO [ExamQuestions] ([ExamID], [QuestionID], [Points]) VALUES (76, 256, 10.00);
INSERT INTO [ExamQuestions] ([ExamID], [QuestionID], [Points]) VALUES (76, 257, 10.00);
INSERT INTO [ExamQuestions] ([ExamID], [QuestionID], [Points]) VALUES (77, 258, 10.00);
INSERT INTO [ExamQuestions] ([ExamID], [QuestionID], [Points]) VALUES (77, 259, 10.00);
INSERT INTO [ExamQuestions] ([ExamID], [QuestionID], [Points]) VALUES (77, 260, 10.00);
INSERT INTO [ExamQuestions] ([ExamID], [QuestionID], [Points]) VALUES (77, 261, 10.00);
INSERT INTO [ExamQuestions] ([ExamID], [QuestionID], [Points]) VALUES (77, 262, 10.00);
INSERT INTO [ExamQuestions] ([ExamID], [QuestionID], [Points]) VALUES (77, 263, 10.00);
INSERT INTO [ExamQuestions] ([ExamID], [QuestionID], [Points]) VALUES (77, 264, 10.00);
INSERT INTO [ExamQuestions] ([ExamID], [QuestionID], [Points]) VALUES (77, 265, 10.00);
INSERT INTO [ExamQuestions] ([ExamID], [QuestionID], [Points]) VALUES (77, 266, 10.00);
INSERT INTO [ExamQuestions] ([ExamID], [QuestionID], [Points]) VALUES (77, 267, 10.00);
INSERT INTO [ExamQuestions] ([ExamID], [QuestionID], [Points]) VALUES (79, 278, 10.00);
INSERT INTO [ExamQuestions] ([ExamID], [QuestionID], [Points]) VALUES (79, 279, 10.00);
INSERT INTO [ExamQuestions] ([ExamID], [QuestionID], [Points]) VALUES (79, 280, 10.00);
INSERT INTO [ExamQuestions] ([ExamID], [QuestionID], [Points]) VALUES (79, 281, 10.00);
INSERT INTO [ExamQuestions] ([ExamID], [QuestionID], [Points]) VALUES (79, 282, 10.00);
INSERT INTO [ExamQuestions] ([ExamID], [QuestionID], [Points]) VALUES (79, 283, 10.00);
INSERT INTO [ExamQuestions] ([ExamID], [QuestionID], [Points]) VALUES (79, 284, 10.00);
INSERT INTO [ExamQuestions] ([ExamID], [QuestionID], [Points]) VALUES (79, 285, 10.00);
INSERT INTO [ExamQuestions] ([ExamID], [QuestionID], [Points]) VALUES (79, 286, 10.00);
INSERT INTO [ExamQuestions] ([ExamID], [QuestionID], [Points]) VALUES (79, 287, 10.00);
INSERT INTO [ExamQuestions] ([ExamID], [QuestionID], [Points]) VALUES (80, 288, 10.00);
INSERT INTO [ExamQuestions] ([ExamID], [QuestionID], [Points]) VALUES (80, 289, 10.00);
INSERT INTO [ExamQuestions] ([ExamID], [QuestionID], [Points]) VALUES (80, 290, 10.00);
INSERT INTO [ExamQuestions] ([ExamID], [QuestionID], [Points]) VALUES (80, 291, 10.00);
INSERT INTO [ExamQuestions] ([ExamID], [QuestionID], [Points]) VALUES (80, 292, 10.00);
INSERT INTO [ExamQuestions] ([ExamID], [QuestionID], [Points]) VALUES (80, 293, 10.00);
INSERT INTO [ExamQuestions] ([ExamID], [QuestionID], [Points]) VALUES (80, 294, 10.00);
INSERT INTO [ExamQuestions] ([ExamID], [QuestionID], [Points]) VALUES (80, 295, 10.00);
INSERT INTO [ExamQuestions] ([ExamID], [QuestionID], [Points]) VALUES (80, 296, 10.00);
INSERT INTO [ExamQuestions] ([ExamID], [QuestionID], [Points]) VALUES (80, 297, 10.00);
INSERT INTO [ExamQuestions] ([ExamID], [QuestionID], [Points]) VALUES (81, 298, 10.00);
INSERT INTO [ExamQuestions] ([ExamID], [QuestionID], [Points]) VALUES (81, 299, 10.00);
INSERT INTO [ExamQuestions] ([ExamID], [QuestionID], [Points]) VALUES (81, 300, 10.00);
INSERT INTO [ExamQuestions] ([ExamID], [QuestionID], [Points]) VALUES (81, 301, 10.00);
INSERT INTO [ExamQuestions] ([ExamID], [QuestionID], [Points]) VALUES (81, 302, 10.00);
INSERT INTO [ExamQuestions] ([ExamID], [QuestionID], [Points]) VALUES (81, 303, 10.00);
INSERT INTO [ExamQuestions] ([ExamID], [QuestionID], [Points]) VALUES (81, 304, 10.00);
INSERT INTO [ExamQuestions] ([ExamID], [QuestionID], [Points]) VALUES (81, 305, 10.00);
INSERT INTO [ExamQuestions] ([ExamID], [QuestionID], [Points]) VALUES (81, 306, 10.00);
INSERT INTO [ExamQuestions] ([ExamID], [QuestionID], [Points]) VALUES (81, 307, 10.00);
INSERT INTO [ExamQuestions] ([ExamID], [QuestionID], [Points]) VALUES (82, 308, 10.00);
INSERT INTO [ExamQuestions] ([ExamID], [QuestionID], [Points]) VALUES (82, 309, 10.00);
INSERT INTO [ExamQuestions] ([ExamID], [QuestionID], [Points]) VALUES (82, 310, 10.00);
INSERT INTO [ExamQuestions] ([ExamID], [QuestionID], [Points]) VALUES (82, 311, 10.00);
INSERT INTO [ExamQuestions] ([ExamID], [QuestionID], [Points]) VALUES (82, 312, 10.00);
INSERT INTO [ExamQuestions] ([ExamID], [QuestionID], [Points]) VALUES (82, 313, 10.00);
INSERT INTO [ExamQuestions] ([ExamID], [QuestionID], [Points]) VALUES (82, 314, 10.00);
INSERT INTO [ExamQuestions] ([ExamID], [QuestionID], [Points]) VALUES (82, 315, 10.00);
INSERT INTO [ExamQuestions] ([ExamID], [QuestionID], [Points]) VALUES (82, 316, 10.00);
INSERT INTO [ExamQuestions] ([ExamID], [QuestionID], [Points]) VALUES (82, 317, 10.00);
INSERT INTO [ExamQuestions] ([ExamID], [QuestionID], [Points]) VALUES (132, 482, 10.00);
INSERT INTO [ExamQuestions] ([ExamID], [QuestionID], [Points]) VALUES (132, 483, 10.00);
INSERT INTO [ExamQuestions] ([ExamID], [QuestionID], [Points]) VALUES (132, 484, 10.00);
INSERT INTO [ExamQuestions] ([ExamID], [QuestionID], [Points]) VALUES (139, 498, 10.00);
INSERT INTO [ExamQuestions] ([ExamID], [QuestionID], [Points]) VALUES (139, 499, 10.00);
INSERT INTO [ExamQuestions] ([ExamID], [QuestionID], [Points]) VALUES (139, 500, 10.00);
INSERT INTO [ExamQuestions] ([ExamID], [QuestionID], [Points]) VALUES (140, 501, 10.00);
INSERT INTO [ExamQuestions] ([ExamID], [QuestionID], [Points]) VALUES (140, 502, 10.00);
INSERT INTO [ExamQuestions] ([ExamID], [QuestionID], [Points]) VALUES (140, 503, 10.00);
INSERT INTO [ExamQuestions] ([ExamID], [QuestionID], [Points]) VALUES (142, 508, 10.00);
INSERT INTO [ExamQuestions] ([ExamID], [QuestionID], [Points]) VALUES (142, 509, 10.00);
INSERT INTO [ExamQuestions] ([ExamID], [QuestionID], [Points]) VALUES (142, 510, 10.00);
INSERT INTO [ExamQuestions] ([ExamID], [QuestionID], [Points]) VALUES (142, 511, 10.00);

-- Table: QuestionOptions
SET IDENTITY_INSERT [QuestionOptions] ON;
INSERT INTO [QuestionOptions] ([OptionID], [QuestionID], [OptionText], [IsCorrect]) VALUES (871, 211, N'Tăng tối đa năng suất sản xuất bất chấp rủi ro', 0);
INSERT INTO [QuestionOptions] ([OptionID], [QuestionID], [OptionText], [IsCorrect]) VALUES (872, 211, N'Bảo vệ tính mạng, sức khỏe của người lao động và tài sản công ty', 1);
INSERT INTO [QuestionOptions] ([OptionID], [QuestionID], [OptionText], [IsCorrect]) VALUES (873, 211, N'Tiết kiệm chi phí mua sắm trang thiết bị bảo hộ', 0);
INSERT INTO [QuestionOptions] ([OptionID], [QuestionID], [OptionText], [IsCorrect]) VALUES (874, 211, N'Giảm thời gian nghỉ giải lao của công nhân', 0);
INSERT INTO [QuestionOptions] ([OptionID], [QuestionID], [OptionText], [IsCorrect]) VALUES (875, 212, N'Kính bảo hộ chống bụi', 0);
INSERT INTO [QuestionOptions] ([OptionID], [QuestionID], [OptionText], [IsCorrect]) VALUES (876, 212, N'Khẩu trang hoạt tính', 0);
INSERT INTO [QuestionOptions] ([OptionID], [QuestionID], [OptionText], [IsCorrect]) VALUES (877, 212, N'Nút tai hoặc chụp tai chống ồn', 1);
INSERT INTO [QuestionOptions] ([OptionID], [QuestionID], [OptionText], [IsCorrect]) VALUES (878, 212, N'Mặt nạ phòng độc', 0);
INSERT INTO [QuestionOptions] ([OptionID], [QuestionID], [OptionText], [IsCorrect]) VALUES (879, 213, N'Trưởng phòng nhân sự', 0);
INSERT INTO [QuestionOptions] ([OptionID], [QuestionID], [OptionText], [IsCorrect]) VALUES (880, 213, N'Chính bản thân người lao động được cấp phát thiết bị', 1);
INSERT INTO [QuestionOptions] ([OptionID], [QuestionID], [OptionText], [IsCorrect]) VALUES (881, 213, N'Giám đốc điều hành công ty', 0);
INSERT INTO [QuestionOptions] ([OptionID], [QuestionID], [OptionText], [IsCorrect]) VALUES (882, 213, N'Nhân viên bảo vệ nhà máy', 0);
INSERT INTO [QuestionOptions] ([OptionID], [QuestionID], [OptionText], [IsCorrect]) VALUES (883, 214, N'Bảo vệ vùng đầu tránh khỏi lực va đập, vật rơi từ trên cao và cách điện nhẹ', 1);
INSERT INTO [QuestionOptions] ([OptionID], [QuestionID], [OptionText], [IsCorrect]) VALUES (884, 214, N'Giúp đầu mát mẻ hơn khi làm việc ngoài trời nắng', 0);
INSERT INTO [QuestionOptions] ([OptionID], [QuestionID], [OptionText], [IsCorrect]) VALUES (885, 214, N'Thay thế cho việc chải tóc trước khi vào xưởng', 0);
INSERT INTO [QuestionOptions] ([OptionID], [QuestionID], [OptionText], [IsCorrect]) VALUES (886, 214, N'Làm đẹp và thể hiện cấp bậc chức vụ của nhân viên', 0);
INSERT INTO [QuestionOptions] ([OptionID], [QuestionID], [OptionText], [IsCorrect]) VALUES (887, 215, N'Vẫn tiếp tục dùng tạm để không ảnh hưởng đến tiến độ', 0);
INSERT INTO [QuestionOptions] ([OptionID], [QuestionID], [OptionText], [IsCorrect]) VALUES (888, 215, N'Tự dùng băng keo dán lại để tiết kiệm cho công ty', 0);
INSERT INTO [QuestionOptions] ([OptionID], [QuestionID], [OptionText], [IsCorrect]) VALUES (889, 215, N'Báo cáo ngay với Tổ trưởng hoặc Giám sát an toàn để được cấp mới lập tức', 1);
INSERT INTO [QuestionOptions] ([OptionID], [QuestionID], [OptionText], [IsCorrect]) VALUES (890, 215, N'Đợi đến cuối tháng mới xin đổi thiết bị mới', 0);
INSERT INTO [QuestionOptions] ([OptionID], [QuestionID], [OptionText], [IsCorrect]) VALUES (891, 216, N'Biển chỉ dẫn lối thoát hiểm khẩn cấp', 0);
INSERT INTO [QuestionOptions] ([OptionID], [QuestionID], [OptionText], [IsCorrect]) VALUES (892, 216, N'Biển báo hành động bắt buộc phải thực hiện', 0);
INSERT INTO [QuestionOptions] ([OptionID], [QuestionID], [OptionText], [IsCorrect]) VALUES (893, 216, N'Biển báo cấm thực hiện hành vi', 0);
INSERT INTO [QuestionOptions] ([OptionID], [QuestionID], [OptionText], [IsCorrect]) VALUES (894, 216, N'Biển cảnh báo nguy hiểm hoặc khu vực có rủi ro cao', 1);
INSERT INTO [QuestionOptions] ([OptionID], [QuestionID], [OptionText], [IsCorrect]) VALUES (895, 217, N'Cấm đi vào khu vực này', 0);
INSERT INTO [QuestionOptions] ([OptionID], [QuestionID], [OptionText], [IsCorrect]) VALUES (896, 217, N'Hành động bắt buộc người lao động phải thực hiện (ví dụ: Phải đeo kính bảo hộ)', 1);
INSERT INTO [QuestionOptions] ([OptionID], [QuestionID], [OptionText], [IsCorrect]) VALUES (897, 217, N'Chỉ dẫn khu vực hút thuốc lá', 0);
INSERT INTO [QuestionOptions] ([OptionID], [QuestionID], [OptionText], [IsCorrect]) VALUES (898, 217, N'Thông báo chất độc hại chết người', 0);
INSERT INTO [QuestionOptions] ([OptionID], [QuestionID], [OptionText], [IsCorrect]) VALUES (899, 218, N'Uống nước lọc hoặc nước trà', 0);
INSERT INTO [QuestionOptions] ([OptionID], [QuestionID], [OptionText], [IsCorrect]) VALUES (900, 218, N'Ăn nhẹ trong khu vực nghỉ giải lao quy định', 0);
INSERT INTO [QuestionOptions] ([OptionID], [QuestionID], [OptionText], [IsCorrect]) VALUES (901, 218, N'Sử dụng rượu bia, chất kích thích hoặc tự ý rời bỏ vị trí vận hành máy nguy hiểm', 1);
INSERT INTO [QuestionOptions] ([OptionID], [QuestionID], [OptionText], [IsCorrect]) VALUES (902, 218, N'Trao đổi công việc chuyên môn với đồng nghiệp', 0);
INSERT INTO [QuestionOptions] ([OptionID], [QuestionID], [OptionText], [IsCorrect]) VALUES (903, 219, N'Cúi gập lưng, giữ thẳng chân và dùng lực cơ lưng kéo hàng lên', 0);
INSERT INTO [QuestionOptions] ([OptionID], [QuestionID], [OptionText], [IsCorrect]) VALUES (904, 219, N'Giữ thẳng lưng, gập đầu gối hạ thấp trọng tâm, ôm sát vật nặng rồi dùng lực chân đứng lên', 1);
INSERT INTO [QuestionOptions] ([OptionID], [QuestionID], [OptionText], [IsCorrect]) VALUES (905, 219, N'Nghiêng người sang một bên để nâng bằng một tay', 0);
INSERT INTO [QuestionOptions] ([OptionID], [QuestionID], [OptionText], [IsCorrect]) VALUES (906, 219, N'Bê hàng nhanh nhất có thể mà không cần chú ý tư thế', 0);
INSERT INTO [QuestionOptions] ([OptionID], [QuestionID], [OptionText], [IsCorrect]) VALUES (907, 220, N'Để nhà máy trông đẹp mắt hơn khi đón đoàn kiểm tra', 0);
INSERT INTO [QuestionOptions] ([OptionID], [QuestionID], [OptionText], [IsCorrect]) VALUES (908, 220, N'Để công nhân không có chỗ ngồi nghỉ ngơi', 0);
INSERT INTO [QuestionOptions] ([OptionID], [QuestionID], [OptionText], [IsCorrect]) VALUES (909, 220, N'Để giảm thiểu nguy cơ vấp ngã và đảm bảo di chuyển thoát nạn nhanh chóng khi xảy ra sự cố', 1);
INSERT INTO [QuestionOptions] ([OptionID], [QuestionID], [OptionText], [IsCorrect]) VALUES (910, 220, N'Để tăng diện tích trống để chứa thêm phế liệu', 0);
INSERT INTO [QuestionOptions] ([OptionID], [QuestionID], [OptionText], [IsCorrect]) VALUES (911, 221, N'Thu dọn tư trang, tài liệu cá nhân rồi mới ra ngoài', 0);
INSERT INTO [QuestionOptions] ([OptionID], [QuestionID], [OptionText], [IsCorrect]) VALUES (912, 221, N'Hô hoán to, nhấn nút báo cháy khẩn cấp để báo động cho toàn bộ khu vực', 1);
INSERT INTO [QuestionOptions] ([OptionID], [QuestionID], [OptionText], [IsCorrect]) VALUES (913, 221, N'Tự mình tìm nước dập lửa mà không báo cho ai biết', 0);
INSERT INTO [QuestionOptions] ([OptionID], [QuestionID], [OptionText], [IsCorrect]) VALUES (914, 221, N'Lập tức gọi điện thoại cho gia đình để thông báo', 0);
INSERT INTO [QuestionOptions] ([OptionID], [QuestionID], [OptionText], [IsCorrect]) VALUES (915, 222, N'113', 0);
INSERT INTO [QuestionOptions] ([OptionID], [QuestionID], [OptionText], [IsCorrect]) VALUES (916, 222, N'114', 1);
INSERT INTO [QuestionOptions] ([OptionID], [QuestionID], [OptionText], [IsCorrect]) VALUES (917, 222, N'115', 0);
INSERT INTO [QuestionOptions] ([OptionID], [QuestionID], [OptionText], [IsCorrect]) VALUES (918, 222, N'111', 0);
INSERT INTO [QuestionOptions] ([OptionID], [QuestionID], [OptionText], [IsCorrect]) VALUES (919, 223, N'Press (Ấn còi) - Aim (Nhắm) - Squeeze (Bóp cò) - Start (Khởi động)', 0);
INSERT INTO [QuestionOptions] ([OptionID], [QuestionID], [OptionText], [IsCorrect]) VALUES (920, 223, N'Pull (Rút chốt) - Aim (Hướng vòi vào gốc lửa) - Squeeze (Bóp cò) - Sweep (Quét vòi qua lại)', 1);
INSERT INTO [QuestionOptions] ([OptionID], [QuestionID], [OptionText], [IsCorrect]) VALUES (921, 223, N'Push (Đẩy bình) - Act (Hành động) - Sweep (Quét) - Stop (Dừng lại)', 0);
INSERT INTO [QuestionOptions] ([OptionID], [QuestionID], [OptionText], [IsCorrect]) VALUES (922, 223, N'Pull (Rút chốt) - Aim (Hướng vòi vào ngọn lửa) - Shake (Lắc bình) - Sweep (Quét)', 0);
INSERT INTO [QuestionOptions] ([OptionID], [QuestionID], [OptionText], [IsCorrect]) VALUES (923, 224, N'Đám cháy thiết bị điện, bảng điện tử', 0);
INSERT INTO [QuestionOptions] ([OptionID], [QuestionID], [OptionText], [IsCorrect]) VALUES (924, 224, N'Đám cháy trong phòng kín chứa máy chủ (Server)', 0);
INSERT INTO [QuestionOptions] ([OptionID], [QuestionID], [OptionText], [IsCorrect]) VALUES (925, 224, N'Đám cháy ngoài trời có gió lớn hoặc đám cháy kim loại kiềm, than gỗ sinh nhiệt cao', 1);
INSERT INTO [QuestionOptions] ([OptionID], [QuestionID], [OptionText], [IsCorrect]) VALUES (926, 224, N'Đám cháy chất lỏng như xăng, dầu trong nhà', 0);
INSERT INTO [QuestionOptions] ([OptionID], [QuestionID], [OptionText], [IsCorrect]) VALUES (927, 225, N'Đi thẳng người, hít thở thật sâu để chạy nhanh', 0);
INSERT INTO [QuestionOptions] ([OptionID], [QuestionID], [OptionText], [IsCorrect]) VALUES (928, 225, N'Dùng khăn ướt che mũi miệng, cúi khom lưng thật thấp hoặc bò sát mặt đất để di chuyển', 1);
INSERT INTO [QuestionOptions] ([OptionID], [QuestionID], [OptionText], [IsCorrect]) VALUES (929, 225, N'Chạy thật nhanh và liên tục la hét để mọi người nghe thấy', 0);
INSERT INTO [QuestionOptions] ([OptionID], [QuestionID], [OptionText], [IsCorrect]) VALUES (930, 225, N'Trùm chăn khô qua đầu và đi bình thường', 0);
INSERT INTO [QuestionOptions] ([OptionID], [QuestionID], [OptionText], [IsCorrect]) VALUES (931, 226, N'Cát khô', 0);
INSERT INTO [QuestionOptions] ([OptionID], [QuestionID], [OptionText], [IsCorrect]) VALUES (932, 226, N'Bình bột chữa cháy hệ ABC', 0);
INSERT INTO [QuestionOptions] ([OptionID], [QuestionID], [OptionText], [IsCorrect]) VALUES (933, 226, N'Chăn dạ nhúng ướt', 0);
INSERT INTO [QuestionOptions] ([OptionID], [QuestionID], [OptionText], [IsCorrect]) VALUES (934, 226, N'Nước lã trực tiếp từ vòi sinh hoạt', 1);
INSERT INTO [QuestionOptions] ([OptionID], [QuestionID], [OptionText], [IsCorrect]) VALUES (935, 227, N'Cầu thang thoát hiểm bộ ngoài trời', 0);
INSERT INTO [QuestionOptions] ([OptionID], [QuestionID], [OptionText], [IsCorrect]) VALUES (936, 227, N'Thang máy của tòa nhà', 1);
INSERT INTO [QuestionOptions] ([OptionID], [QuestionID], [OptionText], [IsCorrect]) VALUES (937, 227, N'Cầu thang bộ bên trong tòa nhà', 0);
INSERT INTO [QuestionOptions] ([OptionID], [QuestionID], [OptionText], [IsCorrect]) VALUES (938, 227, N'Cửa thoát hiểm tầng trệt', 0);
INSERT INTO [QuestionOptions] ([OptionID], [QuestionID], [OptionText], [IsCorrect]) VALUES (939, 228, N'Khoảng 0.5 mét để tiếp cận ngọn lửa tốt nhất', 0);
INSERT INTO [QuestionOptions] ([OptionID], [QuestionID], [OptionText], [IsCorrect]) VALUES (940, 228, N'Từ 1.5 đến 2.0 mét để tránh nhiệt độ cao và tạt ngược lửa', 1);
INSERT INTO [QuestionOptions] ([OptionID], [QuestionID], [OptionText], [IsCorrect]) VALUES (941, 228, N'Trên 5 mét', 0);
INSERT INTO [QuestionOptions] ([OptionID], [QuestionID], [OptionText], [IsCorrect]) VALUES (942, 228, N'Đứng càng xa càng tốt không giới hạn', 0);
INSERT INTO [QuestionOptions] ([OptionID], [QuestionID], [OptionText], [IsCorrect]) VALUES (943, 229, N'Phần trên cùng của ngọn lửa đang bốc cao', 0);
INSERT INTO [QuestionOptions] ([OptionID], [QuestionID], [OptionText], [IsCorrect]) VALUES (944, 229, N'Xung quanh đám cháy để bao vây', 0);
INSERT INTO [QuestionOptions] ([OptionID], [QuestionID], [OptionText], [IsCorrect]) VALUES (945, 229, N'Gốc của ngọn lửa (nơi phát sinh nguồn cháy)', 1);
INSERT INTO [QuestionOptions] ([OptionID], [QuestionID], [OptionText], [IsCorrect]) VALUES (946, 229, N'Phun trực tiếp vào khói bốc lên', 0);
INSERT INTO [QuestionOptions] ([OptionID], [QuestionID], [OptionText], [IsCorrect]) VALUES (947, 230, N'Luôn mở tự do, không bị khóa xích, không bị che chắn bởi vật tư và có biển EXIT chiếu sáng dự phòng', 1);
INSERT INTO [QuestionOptions] ([OptionID], [QuestionID], [OptionText], [IsCorrect]) VALUES (948, 230, N'Có thể khóa lại để tránh mất cắp tài sản công ty khi làm việc', 0);
INSERT INTO [QuestionOptions] ([OptionID], [QuestionID], [OptionText], [IsCorrect]) VALUES (949, 230, N'Chỉ cần rộng khoảng 0.5m là đủ', 0);
INSERT INTO [QuestionOptions] ([OptionID], [QuestionID], [OptionText], [IsCorrect]) VALUES (950, 230, N'Chỉ mở cửa vào ban ngày, ban đêm khóa lại', 0);
INSERT INTO [QuestionOptions] ([OptionID], [QuestionID], [OptionText], [IsCorrect]) VALUES (951, 231, N'A: Thiết bị điện; B: Kim loại; C: Chất hóa học', 0);
INSERT INTO [QuestionOptions] ([OptionID], [QuestionID], [OptionText], [IsCorrect]) VALUES (952, 231, N'A: Đám cháy chất rắn; B: Đám cháy chất lỏng; C: Đám cháy chất khí', 1);
INSERT INTO [QuestionOptions] ([OptionID], [QuestionID], [OptionText], [IsCorrect]) VALUES (953, 231, N'A: Xăng dầu; B: Gỗ giấy; C: Khí Gas', 0);
INSERT INTO [QuestionOptions] ([OptionID], [QuestionID], [OptionText], [IsCorrect]) VALUES (954, 231, N'A: Axit; B: Bazơ; C: Muối', 0);
INSERT INTO [QuestionOptions] ([OptionID], [QuestionID], [OptionText], [IsCorrect]) VALUES (955, 232, N'Lập tức quay lại xưởng lấy xe máy hoặc đồ đạc để quên', 0);
INSERT INTO [QuestionOptions] ([OptionID], [QuestionID], [OptionText], [IsCorrect]) VALUES (956, 232, N'Tập trung tại Điểm tập kết an toàn đã quy định để điểm danh quân số và báo cáo chỉ huy', 1);
INSERT INTO [QuestionOptions] ([OptionID], [QuestionID], [OptionText], [IsCorrect]) VALUES (957, 232, N'Tự ý đi về nhà vì công việc đã bị gián đoạn', 0);
INSERT INTO [QuestionOptions] ([OptionID], [QuestionID], [OptionText], [IsCorrect]) VALUES (958, 232, N'Đứng tụ tập ngay trước lối ra vào để xem lực lượng cứu hỏa làm việc', 0);
INSERT INTO [QuestionOptions] ([OptionID], [QuestionID], [OptionText], [IsCorrect]) VALUES (959, 233, N'Từ 1 mA đến 5 mA', 0);
INSERT INTO [QuestionOptions] ([OptionID], [QuestionID], [OptionText], [IsCorrect]) VALUES (960, 233, N'Từ 10 mA (miliampe) trở lên đối với dòng điện xoay chiều 50Hz', 1);
INSERT INTO [QuestionOptions] ([OptionID], [QuestionID], [OptionText], [IsCorrect]) VALUES (961, 233, N'Chỉ từ 1 A (ampe) trở lên', 0);
INSERT INTO [QuestionOptions] ([OptionID], [QuestionID], [OptionText], [IsCorrect]) VALUES (962, 233, N'Dưới 0.5 mA', 0);
INSERT INTO [QuestionOptions] ([OptionID], [QuestionID], [OptionText], [IsCorrect]) VALUES (963, 234, N'Đeo găng tay vải thông thường', 0);
INSERT INTO [QuestionOptions] ([OptionID], [QuestionID], [OptionText], [IsCorrect]) VALUES (964, 234, N'Ngắt nguồn điện chính, khóa nguồn bằng ổ khóa cá nhân và treo biển báo cảnh báo nguy hiểm (LOTO)', 1);
INSERT INTO [QuestionOptions] ([OptionID], [QuestionID], [OptionText], [IsCorrect]) VALUES (965, 234, N'Dùng bút thử điện đo khi máy vẫn đang chạy', 0);
INSERT INTO [QuestionOptions] ([OptionID], [QuestionID], [OptionText], [IsCorrect]) VALUES (966, 234, N'Tắt công tắc nguồn phụ của máy là đủ', 0);
INSERT INTO [QuestionOptions] ([OptionID], [QuestionID], [OptionText], [IsCorrect]) VALUES (967, 235, N'Cầu chì dây chì', 0);
INSERT INTO [QuestionOptions] ([OptionID], [QuestionID], [OptionText], [IsCorrect]) VALUES (968, 235, N'Công tắc xoay', 0);
INSERT INTO [QuestionOptions] ([OptionID], [QuestionID], [OptionText], [IsCorrect]) VALUES (969, 235, N'Thiết bị chống rò dòng (ELCB / RCBO)', 1);
INSERT INTO [QuestionOptions] ([OptionID], [QuestionID], [OptionText], [IsCorrect]) VALUES (970, 235, N'Biến áp cách ly tự ngẫu', 0);
INSERT INTO [QuestionOptions] ([OptionID], [QuestionID], [OptionText], [IsCorrect]) VALUES (971, 236, N'Tay cầm kim loại bóng loáng dễ lau chùi', 0);
INSERT INTO [QuestionOptions] ([OptionID], [QuestionID], [OptionText], [IsCorrect]) VALUES (972, 236, N'Tay cầm được bọc lớp nhựa hoặc cao su cách điện đạt tiêu chuẩn điện áp sử dụng và không bị rách, nứt', 1);
INSERT INTO [QuestionOptions] ([OptionID], [QuestionID], [OptionText], [IsCorrect]) VALUES (973, 236, N'Chỉ cần quấn vài vòng băng dính đen thông thường', 0);
INSERT INTO [QuestionOptions] ([OptionID], [QuestionID], [OptionText], [IsCorrect]) VALUES (974, 236, N'Là dụng cụ có trọng lượng nhẹ nhất', 0);
INSERT INTO [QuestionOptions] ([OptionID], [QuestionID], [OptionText], [IsCorrect]) VALUES (975, 237, N'Lập tức dùng tay không kéo mạnh nạn nhân ra ngoài', 0);
INSERT INTO [QuestionOptions] ([OptionID], [QuestionID], [OptionText], [IsCorrect]) VALUES (976, 237, N'Tìm cách ngắt ngay cầu dao điện gần nhất hoặc dùng vật khô không dẫn điện (như gậy gỗ, tre khô) cô lập nguồn điện khỏi nạn nhân', 1);
INSERT INTO [QuestionOptions] ([OptionID], [QuestionID], [OptionText], [IsCorrect]) VALUES (977, 237, N'Dội nước vào nạn nhân để hạ nhiệt', 0);
INSERT INTO [QuestionOptions] ([OptionID], [QuestionID], [OptionText], [IsCorrect]) VALUES (978, 237, N'Gọi điện thoại cấp cứu 115 trước rồi đứng chờ cứu hộ đến', 0);
INSERT INTO [QuestionOptions] ([OptionID], [QuestionID], [OptionText], [IsCorrect]) VALUES (979, 238, N'Để chung với vật tư thiết bị điện để dễ tìm kiếm', 0);
INSERT INTO [QuestionOptions] ([OptionID], [QuestionID], [OptionText], [IsCorrect]) VALUES (980, 238, N'Đựng trong thùng chứa chuyên dụng có nhãn mác rõ ràng, bảo quản trong kho thông gió, có rãnh chống tràn và biển cảnh báo nguy hiểm', 1);
INSERT INTO [QuestionOptions] ([OptionID], [QuestionID], [OptionText], [IsCorrect]) VALUES (981, 238, N'Để tự do trên sàn xưởng gần lối đi cho tiện sử dụng', 0);
INSERT INTO [QuestionOptions] ([OptionID], [QuestionID], [OptionText], [IsCorrect]) VALUES (982, 238, N'Đựng vào chai nhựa nước ngọt cũ không cần ghi nhãn', 0);
INSERT INTO [QuestionOptions] ([OptionID], [QuestionID], [OptionText], [IsCorrect]) VALUES (983, 239, N'ISO 9001', 0);
INSERT INTO [QuestionOptions] ([OptionID], [QuestionID], [OptionText], [IsCorrect]) VALUES (984, 239, N'KPI', 0);
INSERT INTO [QuestionOptions] ([OptionID], [QuestionID], [OptionText], [IsCorrect]) VALUES (985, 239, N'MSDS (Material Safety Data Sheet) hoặc SDS', 1);
INSERT INTO [QuestionOptions] ([OptionID], [QuestionID], [OptionText], [IsCorrect]) VALUES (986, 239, N'WHO', 0);
INSERT INTO [QuestionOptions] ([OptionID], [QuestionID], [OptionText], [IsCorrect]) VALUES (987, 240, N'Rót nước thật nhanh vào cốc chứa sẵn axit đậm đặc', 0);
INSERT INTO [QuestionOptions] ([OptionID], [QuestionID], [OptionText], [IsCorrect]) VALUES (988, 240, N'Rót từ từ axit đậm đặc dọc theo đũa thủy tinh vào cốc chứa sẵn nước và khuấy đều nhẹ nhàng', 1);
INSERT INTO [QuestionOptions] ([OptionID], [QuestionID], [OptionText], [IsCorrect]) VALUES (989, 240, N'Đổ đồng thời cả nước và axit vào cốc cùng một lúc', 0);
INSERT INTO [QuestionOptions] ([OptionID], [QuestionID], [OptionText], [IsCorrect]) VALUES (990, 240, N'Quy tắc nào cũng được miễn là đeo kính bảo hộ', 0);
INSERT INTO [QuestionOptions] ([OptionID], [QuestionID], [OptionText], [IsCorrect]) VALUES (991, 241, N'Dùng tay dụi mắt thật mạnh để trôi hóa chất', 0);
INSERT INTO [QuestionOptions] ([OptionID], [QuestionID], [OptionText], [IsCorrect]) VALUES (992, 241, N'Đến ngay bồn rửa mắt khẩn cấp, mở to mắt rửa liên tục dưới vòi nước sạch chảy nhẹ trong ít nhất 15-20 phút rồi mới chuyển đến cơ sở y tế', 1);
INSERT INTO [QuestionOptions] ([OptionID], [QuestionID], [OptionText], [IsCorrect]) VALUES (993, 241, N'Dùng dung dịch thuốc nhỏ mắt thông thường để rửa', 0);
INSERT INTO [QuestionOptions] ([OptionID], [QuestionID], [OptionText], [IsCorrect]) VALUES (994, 241, N'Đợi hóa chất tự khô rồi lau sạch', 0);
INSERT INTO [QuestionOptions] ([OptionID], [QuestionID], [OptionText], [IsCorrect]) VALUES (995, 242, N'Chất dễ cháy nổ', 0);
INSERT INTO [QuestionOptions] ([OptionID], [QuestionID], [OptionText], [IsCorrect]) VALUES (996, 242, N'Hóa chất ăn mòn da', 0);
INSERT INTO [QuestionOptions] ([OptionID], [QuestionID], [OptionText], [IsCorrect]) VALUES (997, 242, N'Chất độc nguy hiểm cấp tính, có thể gây tử vong khi hít phải, nuốt phải hoặc tiếp xúc qua da', 1);
INSERT INTO [QuestionOptions] ([OptionID], [QuestionID], [OptionText], [IsCorrect]) VALUES (998, 242, N'Chất gây nguy hại cho môi trường nước', 0);
INSERT INTO [QuestionOptions] ([OptionID], [QuestionID], [OptionText], [IsCorrect]) VALUES (999, 243, N'Vì tủ điện chiếm diện tích để hóa chất', 0);
INSERT INTO [QuestionOptions] ([OptionID], [QuestionID], [OptionText], [IsCorrect]) VALUES (1000, 243, N'Vì tia lửa điện hoặc nhiệt độ từ thiết bị điện có thể kích hoạt đám cháy hoặc vụ nổ hóa chất cực kỳ nghiêm trọng', 1);
INSERT INTO [QuestionOptions] ([OptionID], [QuestionID], [OptionText], [IsCorrect]) VALUES (1001, 243, N'Vì hóa chất làm rỉ sét vỏ kim loại của tủ điện', 0);
INSERT INTO [QuestionOptions] ([OptionID], [QuestionID], [OptionText], [IsCorrect]) VALUES (1002, 243, N'Vì quy định thẩm mỹ của nhà máy', 0);
INSERT INTO [QuestionOptions] ([OptionID], [QuestionID], [OptionText], [IsCorrect]) VALUES (1003, 244, N'Bật quạt hút thông gió điện hoặc bật/tắt bất kỳ công tắc điện nào để tránh phát sinh tia lửa điện gây nổ', 1);
INSERT INTO [QuestionOptions] ([OptionID], [QuestionID], [OptionText], [IsCorrect]) VALUES (1004, 244, N'Mở rộng tất cả các cửa sổ và cửa ra vào để thông gió tự nhiên', 0);
INSERT INTO [QuestionOptions] ([OptionID], [QuestionID], [OptionText], [IsCorrect]) VALUES (1005, 244, N'Khóa van tổng nguồn cấp gas', 0);
INSERT INTO [QuestionOptions] ([OptionID], [QuestionID], [OptionText], [IsCorrect]) VALUES (1006, 244, N'Di chuyển nhanh ra ngoài khu vực thoáng khí và gọi cứu hộ', 0);
INSERT INTO [QuestionOptions] ([OptionID], [QuestionID], [OptionText], [IsCorrect]) VALUES (1007, 245, N'Khóa chặt tay ga của van khí', 0);
INSERT INTO [QuestionOptions] ([OptionID], [QuestionID], [OptionText], [IsCorrect]) VALUES (1008, 245, N'Gắn thẻ cảnh báo ghi rõ tên người sửa chữa, ngày giờ và nội dung công việc lên vị trí thiết bị khóa nguồn điện/năng lượng', 1);
INSERT INTO [QuestionOptions] ([OptionID], [QuestionID], [OptionText], [IsCorrect]) VALUES (1009, 245, N'Đo dòng điện rò vỏ máy', 0);
INSERT INTO [QuestionOptions] ([OptionID], [QuestionID], [OptionText], [IsCorrect]) VALUES (1010, 245, N'Kiểm tra xem máy có khởi động được không', 0);
INSERT INTO [QuestionOptions] ([OptionID], [QuestionID], [OptionText], [IsCorrect]) VALUES (1011, 246, N'Vẫn mặc tiếp cho đến hết ca làm việc để giặt một thể', 0);
INSERT INTO [QuestionOptions] ([OptionID], [QuestionID], [OptionText], [IsCorrect]) VALUES (1012, 246, N'Thay ngay lập tức quần áo dính hóa chất, tắm rửa sạch vùng da tiếp xúc bằng nước ấm và sử dụng trang phục dự phòng', 1);
INSERT INTO [QuestionOptions] ([OptionID], [QuestionID], [OptionText], [IsCorrect]) VALUES (1013, 246, N'Dùng khăn giấy lau khô chỗ dính rồi làm việc tiếp', 0);
INSERT INTO [QuestionOptions] ([OptionID], [QuestionID], [OptionText], [IsCorrect]) VALUES (1014, 246, N'Phun nước trực tiếp lên người khi vẫn đang mặc nguyên bộ quần áo đó', 0);
INSERT INTO [QuestionOptions] ([OptionID], [QuestionID], [OptionText], [IsCorrect]) VALUES (1015, 247, N'Giúp thông tắc cống nhanh hơn nhờ tính axit', 0);
INSERT INTO [QuestionOptions] ([OptionID], [QuestionID], [OptionText], [IsCorrect]) VALUES (1016, 247, N'Là hành vi vi phạm pháp luật môi trường nghiêm trọng, gây ô nhiễm nguồn nước và công ty sẽ bị phạt rất nặng', 1);
INSERT INTO [QuestionOptions] ([OptionID], [QuestionID], [OptionText], [IsCorrect]) VALUES (1017, 247, N'Không ảnh hưởng gì nếu đổ lượng nhỏ dưới 5 lít', 0);
INSERT INTO [QuestionOptions] ([OptionID], [QuestionID], [OptionText], [IsCorrect]) VALUES (1018, 247, N'Chỉ bị khiển trách nhẹ nội bộ', 0);
INSERT INTO [QuestionOptions] ([OptionID], [QuestionID], [OptionText], [IsCorrect]) VALUES (1019, 248, N'Mỹ', 0);
INSERT INTO [QuestionOptions] ([OptionID], [QuestionID], [OptionText], [IsCorrect]) VALUES (1020, 248, N'Đức', 0);
INSERT INTO [QuestionOptions] ([OptionID], [QuestionID], [OptionText], [IsCorrect]) VALUES (1021, 248, N'Nhật Bản', 1);
INSERT INTO [QuestionOptions] ([OptionID], [QuestionID], [OptionText], [IsCorrect]) VALUES (1022, 248, N'Hàn Quốc', 0);
INSERT INTO [QuestionOptions] ([OptionID], [QuestionID], [OptionText], [IsCorrect]) VALUES (1023, 249, N'Sắp đặt ngăn nắp', 0);
INSERT INTO [QuestionOptions] ([OptionID], [QuestionID], [OptionText], [IsCorrect]) VALUES (1024, 249, N'Phân loại và loại bỏ vật dùng thừa không cần thiết', 1);
INSERT INTO [QuestionOptions] ([OptionID], [QuestionID], [OptionText], [IsCorrect]) VALUES (1025, 249, N'Lau chùi vệ sinh máy móc', 0);
INSERT INTO [QuestionOptions] ([OptionID], [QuestionID], [OptionText], [IsCorrect]) VALUES (1026, 249, N'Học tập thói quen tốt', 0);
INSERT INTO [QuestionOptions] ([OptionID], [QuestionID], [OptionText], [IsCorrect]) VALUES (1027, 250, N'Sắp đặt mọi thứ ngăn nắp, có nhãn mác vị trí rõ ràng', 1);
INSERT INTO [QuestionOptions] ([OptionID], [QuestionID], [OptionText], [IsCorrect]) VALUES (1028, 250, N'Bỏ tất cả vào tủ khóa lại', 0);
INSERT INTO [QuestionOptions] ([OptionID], [QuestionID], [OptionText], [IsCorrect]) VALUES (1029, 250, N'Lau dọn xưởng hàng tuần', 0);
INSERT INTO [QuestionOptions] ([OptionID], [QuestionID], [OptionText], [IsCorrect]) VALUES (1030, 250, N'Vứt bỏ tài liệu cũ', 0);
INSERT INTO [QuestionOptions] ([OptionID], [QuestionID], [OptionText], [IsCorrect]) VALUES (1031, 251, N'Phê bình đồng nghiệp lười biếng', 0);
INSERT INTO [QuestionOptions] ([OptionID], [QuestionID], [OptionText], [IsCorrect]) VALUES (1032, 251, N'Vệ sinh máy móc, dụng cụ và khu vực làm việc sạch sẽ trước/sau ca', 1);
INSERT INTO [QuestionOptions] ([OptionID], [QuestionID], [OptionText], [IsCorrect]) VALUES (1033, 251, N'Đeo khẩu trang an toàn', 0);
INSERT INTO [QuestionOptions] ([OptionID], [QuestionID], [OptionText], [IsCorrect]) VALUES (1034, 251, N'Vẽ sơ đồ vị trí công cụ', 0);
INSERT INTO [QuestionOptions] ([OptionID], [QuestionID], [OptionText], [IsCorrect]) VALUES (1035, 252, N'Duy trì và chuẩn hóa việc thực hiện 3S đầu tiên liên tục', 1);
INSERT INTO [QuestionOptions] ([OptionID], [QuestionID], [OptionText], [IsCorrect]) VALUES (1036, 252, N'Tặng quà cho công nhân xuất sắc', 0);
INSERT INTO [QuestionOptions] ([OptionID], [QuestionID], [OptionText], [IsCorrect]) VALUES (1037, 252, N'Mua sắm máy mới', 0);
INSERT INTO [QuestionOptions] ([OptionID], [QuestionID], [OptionText], [IsCorrect]) VALUES (1038, 252, N'Lập báo cáo hàng tháng', 0);
INSERT INTO [QuestionOptions] ([OptionID], [QuestionID], [OptionText], [IsCorrect]) VALUES (1039, 253, N'Chuẩn bị sẵn vật tư dự phòng', 0);
INSERT INTO [QuestionOptions] ([OptionID], [QuestionID], [OptionText], [IsCorrect]) VALUES (1040, 253, N'Tự giác rèn luyện thói quen tuân thủ các quy chuẩn an toàn, vệ sinh', 1);
INSERT INTO [QuestionOptions] ([OptionID], [QuestionID], [OptionText], [IsCorrect]) VALUES (1041, 253, N'Bật nguồn máy trước 10 phút', 0);
INSERT INTO [QuestionOptions] ([OptionID], [QuestionID], [OptionText], [IsCorrect]) VALUES (1042, 253, N'Sẵn sàng làm tăng ca', 0);
INSERT INTO [QuestionOptions] ([OptionID], [QuestionID], [OptionText], [IsCorrect]) VALUES (1043, 254, N'Để xưởng trông đẹp mắt hơn', 0);
INSERT INTO [QuestionOptions] ([OptionID], [QuestionID], [OptionText], [IsCorrect]) VALUES (1044, 254, N'Tăng năng suất, giảm thiểu lãng phí thời gian tìm kiếm và tăng tính an toàn', 1);
INSERT INTO [QuestionOptions] ([OptionID], [QuestionID], [OptionText], [IsCorrect]) VALUES (1045, 254, N'Giảm lương công nhân', 0);
INSERT INTO [QuestionOptions] ([OptionID], [QuestionID], [OptionText], [IsCorrect]) VALUES (1046, 254, N'Tăng số lượng phế liệu thu hồi', 0);
INSERT INTO [QuestionOptions] ([OptionID], [QuestionID], [OptionText], [IsCorrect]) VALUES (1047, 255, N'Trưởng phòng Kỹ thuật', 0);
INSERT INTO [QuestionOptions] ([OptionID], [QuestionID], [OptionText], [IsCorrect]) VALUES (1048, 255, N'Chính nhân viên làm việc tại vị trí đó', 1);
INSERT INTO [QuestionOptions] ([OptionID], [QuestionID], [OptionText], [IsCorrect]) VALUES (1049, 255, N'Đội vệ sinh chuyên trách', 0);
INSERT INTO [QuestionOptions] ([OptionID], [QuestionID], [OptionText], [IsCorrect]) VALUES (1050, 255, N'Tổ trưởng sản xuất', 0);
INSERT INTO [QuestionOptions] ([OptionID], [QuestionID], [OptionText], [IsCorrect]) VALUES (1051, 256, N'Chỉ vi phạm Seiketsu', 0);
INSERT INTO [QuestionOptions] ([OptionID], [QuestionID], [OptionText], [IsCorrect]) VALUES (1052, 256, N'Vi phạm cả Seiri (Sàng lọc) và Seiton (Sắp xếp)', 1);
INSERT INTO [QuestionOptions] ([OptionID], [QuestionID], [OptionText], [IsCorrect]) VALUES (1053, 256, N'Chỉ vi phạm Shitsuke', 0);
INSERT INTO [QuestionOptions] ([OptionID], [QuestionID], [OptionText], [IsCorrect]) VALUES (1054, 256, N'Không vi phạm bước nào', 0);
INSERT INTO [QuestionOptions] ([OptionID], [QuestionID], [OptionText], [IsCorrect]) VALUES (1055, 257, N'Hàng tuần', 0);
INSERT INTO [QuestionOptions] ([OptionID], [QuestionID], [OptionText], [IsCorrect]) VALUES (1056, 257, N'Hàng tháng', 0);
INSERT INTO [QuestionOptions] ([OptionID], [QuestionID], [OptionText], [IsCorrect]) VALUES (1057, 257, N'Hàng ngày trước và sau mỗi ca làm việc', 1);
INSERT INTO [QuestionOptions] ([OptionID], [QuestionID], [OptionText], [IsCorrect]) VALUES (1058, 257, N'Chỉ làm khi máy bị hỏng', 0);
INSERT INTO [QuestionOptions] ([OptionID], [QuestionID], [OptionText], [IsCorrect]) VALUES (1059, 258, N'Xem máy có sạch bụi không', 0);
INSERT INTO [QuestionOptions] ([OptionID], [QuestionID], [OptionText], [IsCorrect]) VALUES (1060, 258, N'Ngoại quan máy, dây cáp điện và tấm chắn bảo vệ', 1);
INSERT INTO [QuestionOptions] ([OptionID], [QuestionID], [OptionText], [IsCorrect]) VALUES (1061, 258, N'Nhiệt độ ngoài trời', 0);
INSERT INTO [QuestionOptions] ([OptionID], [QuestionID], [OptionText], [IsCorrect]) VALUES (1062, 258, N'Hỏi xem ca trước máy chạy thế nào', 0);
INSERT INTO [QuestionOptions] ([OptionID], [QuestionID], [OptionText], [IsCorrect]) VALUES (1063, 259, N'Nút gạt màu xanh nhỏ', 0);
INSERT INTO [QuestionOptions] ([OptionID], [QuestionID], [OptionText], [IsCorrect]) VALUES (1064, 259, N'Hình nấm màu đỏ nổi bật trên nền vàng', 1);
INSERT INTO [QuestionOptions] ([OptionID], [QuestionID], [OptionText], [IsCorrect]) VALUES (1065, 259, N'Công tắc xoay màu đen', 0);
INSERT INTO [QuestionOptions] ([OptionID], [QuestionID], [OptionText], [IsCorrect]) VALUES (1066, 259, N'Nút bấm phẳng chìm màu trắng', 0);
INSERT INTO [QuestionOptions] ([OptionID], [QuestionID], [OptionText], [IsCorrect]) VALUES (1067, 260, N'Lập tức ấn nút dừng khẩn cấp và báo cho tổ kỹ thuật bảo trì', 1);
INSERT INTO [QuestionOptions] ([OptionID], [QuestionID], [OptionText], [IsCorrect]) VALUES (1068, 260, N'Cứ chạy tiếp cho hết mẻ hàng', 0);
INSERT INTO [QuestionOptions] ([OptionID], [QuestionID], [OptionText], [IsCorrect]) VALUES (1069, 260, N'Mở nắp máy ra xem ngay', 0);
INSERT INTO [QuestionOptions] ([OptionID], [QuestionID], [OptionText], [IsCorrect]) VALUES (1070, 260, N'Đi tìm xô nước dội vào', 0);
INSERT INTO [QuestionOptions] ([OptionID], [QuestionID], [OptionText], [IsCorrect]) VALUES (1071, 261, N'Đội bảo trì chuyên trách', 0);
INSERT INTO [QuestionOptions] ([OptionID], [QuestionID], [OptionText], [IsCorrect]) VALUES (1072, 261, N'Công nhân vận hành trực tiếp máy đó', 1);
INSERT INTO [QuestionOptions] ([OptionID], [QuestionID], [OptionText], [IsCorrect]) VALUES (1073, 261, N'Trưởng phòng Kỹ thuật', 0);
INSERT INTO [QuestionOptions] ([OptionID], [QuestionID], [OptionText], [IsCorrect]) VALUES (1074, 261, N'Nhân sự ngoài nhà máy', 0);
INSERT INTO [QuestionOptions] ([OptionID], [QuestionID], [OptionText], [IsCorrect]) VALUES (1075, 262, N'Dùng tay thò vào gỡ nhanh sản phẩm ra', 0);
INSERT INTO [QuestionOptions] ([OptionID], [QuestionID], [OptionText], [IsCorrect]) VALUES (1076, 262, N'Tắt máy, ngắt điện hoàn toàn rồi mới tiến hành gỡ kẹt', 1);
INSERT INTO [QuestionOptions] ([OptionID], [QuestionID], [OptionText], [IsCorrect]) VALUES (1077, 262, N'Dùng thanh sắt gạt khi máy vẫn chạy', 0);
INSERT INTO [QuestionOptions] ([OptionID], [QuestionID], [OptionText], [IsCorrect]) VALUES (1078, 262, N'Nhấn nút tăng tốc lực để máy đẩy qua', 0);
INSERT INTO [QuestionOptions] ([OptionID], [QuestionID], [OptionText], [IsCorrect]) VALUES (1079, 263, N'Hành động sáng tạo cải tiến kỹ thuật', 0);
INSERT INTO [QuestionOptions] ([OptionID], [QuestionID], [OptionText], [IsCorrect]) VALUES (1080, 263, N'Hành vi vi phạm nội quy an toàn lao động nghiêm trọng', 1);
INSERT INTO [QuestionOptions] ([OptionID], [QuestionID], [OptionText], [IsCorrect]) VALUES (1081, 263, N'Tiết kiệm thời gian vận hành', 0);
INSERT INTO [QuestionOptions] ([OptionID], [QuestionID], [OptionText], [IsCorrect]) VALUES (1082, 263, N'Không có vấn đề gì nếu chạy cẩn thận', 0);
INSERT INTO [QuestionOptions] ([OptionID], [QuestionID], [OptionText], [IsCorrect]) VALUES (1083, 264, N'Cứ để máy chạy tự động', 0);
INSERT INTO [QuestionOptions] ([OptionID], [QuestionID], [OptionText], [IsCorrect]) VALUES (1084, 264, N'Tắt máy và ngắt nguồn điện cấp cho máy', 1);
INSERT INTO [QuestionOptions] ([OptionID], [QuestionID], [OptionText], [IsCorrect]) VALUES (1085, 264, N'Hờ hờ nút dừng máy', 0);
INSERT INTO [QuestionOptions] ([OptionID], [QuestionID], [OptionText], [IsCorrect]) VALUES (1086, 264, N'Nhờ công nhân máy bên cạnh trông hộ khi máy vẫn chạy', 0);
INSERT INTO [QuestionOptions] ([OptionID], [QuestionID], [OptionText], [IsCorrect]) VALUES (1087, 265, N'Để đối phó với bộ phận quản lý', 0);
INSERT INTO [QuestionOptions] ([OptionID], [QuestionID], [OptionText], [IsCorrect]) VALUES (1088, 265, N'Để theo dõi hiệu suất, thời gian hoạt động và phát hiện sớm các dấu hiệu hỏng hóc', 1);
INSERT INTO [QuestionOptions] ([OptionID], [QuestionID], [OptionText], [IsCorrect]) VALUES (1089, 265, N'Để tính lương tăng ca', 0);
INSERT INTO [QuestionOptions] ([OptionID], [QuestionID], [OptionText], [IsCorrect]) VALUES (1090, 265, N'Để làm sạch tài liệu cũ', 0);
INSERT INTO [QuestionOptions] ([OptionID], [QuestionID], [OptionText], [IsCorrect]) VALUES (1091, 266, N'Cứ để đấy tự khô', 0);
INSERT INTO [QuestionOptions] ([OptionID], [QuestionID], [OptionText], [IsCorrect]) VALUES (1092, 266, N'Lau sạch ngay lập tức và dùng cát/chất thấm để tránh trơn trượt ngã', 1);
INSERT INTO [QuestionOptions] ([OptionID], [QuestionID], [OptionText], [IsCorrect]) VALUES (1093, 266, N'Đợi đến cuối tuần dọn một thể', 0);
INSERT INTO [QuestionOptions] ([OptionID], [QuestionID], [OptionText], [IsCorrect]) VALUES (1094, 266, N'Rải bao tải gai đè lên', 0);
INSERT INTO [QuestionOptions] ([OptionID], [QuestionID], [OptionText], [IsCorrect]) VALUES (1095, 267, N'Máy sạch sẽ, vận hành tốt và báo cáo đầy đủ tình trạng cho ca sau', 1);
INSERT INTO [QuestionOptions] ([OptionID], [QuestionID], [OptionText], [IsCorrect]) VALUES (1096, 267, N'Ca trước chỉ cần về đúng giờ, không cần dọn máy', 0);
INSERT INTO [QuestionOptions] ([OptionID], [QuestionID], [OptionText], [IsCorrect]) VALUES (1097, 267, N'Chỉ cần tắt nguồn máy', 0);
INSERT INTO [QuestionOptions] ([OptionID], [QuestionID], [OptionText], [IsCorrect]) VALUES (1098, 267, N'Tự khóa máy lại mang chìa khóa về', 0);
INSERT INTO [QuestionOptions] ([OptionID], [QuestionID], [OptionText], [IsCorrect]) VALUES (1099, 268, N'Là ngày sinh hoặc số điện thoại của bạn', 0);
INSERT INTO [QuestionOptions] ([OptionID], [QuestionID], [OptionText], [IsCorrect]) VALUES (1100, 268, N'Dài từ 8 ký tự trở lên, gồm chữ hoa, chữ thường, số và ký tự đặc biệt', 1);
INSERT INTO [QuestionOptions] ([OptionID], [QuestionID], [OptionText], [IsCorrect]) VALUES (1101, 268, N'Chỉ gồm chữ thường để dễ nhớ', 0);
INSERT INTO [QuestionOptions] ([OptionID], [QuestionID], [OptionText], [IsCorrect]) VALUES (1102, 268, N'Là tên viết tắt của công ty', 0);
INSERT INTO [QuestionOptions] ([OptionID], [QuestionID], [OptionText], [IsCorrect]) VALUES (1103, 269, N'Vì hệ thống sẽ không cho phép thiết lập', 0);
INSERT INTO [QuestionOptions] ([OptionID], [QuestionID], [OptionText], [IsCorrect]) VALUES (1104, 269, N'Nếu một tài khoản bị lộ, các tài khoản khác cũng sẽ dễ dàng bị xâm nhập', 1);
INSERT INTO [QuestionOptions] ([OptionID], [QuestionID], [OptionText], [IsCorrect]) VALUES (1105, 269, N'Làm chậm tốc độ truy cập internet', 0);
INSERT INTO [QuestionOptions] ([OptionID], [QuestionID], [OptionText], [IsCorrect]) VALUES (1106, 269, N'Kế toán không tính được chi phí', 0);
INSERT INTO [QuestionOptions] ([OptionID], [QuestionID], [OptionText], [IsCorrect]) VALUES (1107, 270, N'Yêu cầu đổi mật khẩu 2 lần', 0);
INSERT INTO [QuestionOptions] ([OptionID], [QuestionID], [OptionText], [IsCorrect]) VALUES (1108, 270, N'Yêu cầu mật khẩu kết hợp thêm mã gửi về điện thoại hoặc ứng dụng xác thực', 1);
INSERT INTO [QuestionOptions] ([OptionID], [QuestionID], [OptionText], [IsCorrect]) VALUES (1109, 270, N'Quét dấu vân tay cả hai bàn tay', 0);
INSERT INTO [QuestionOptions] ([OptionID], [QuestionID], [OptionText], [IsCorrect]) VALUES (1110, 270, N'Bắt buộc đăng nhập từ hai thiết bị cùng lúc', 0);
INSERT INTO [QuestionOptions] ([OptionID], [QuestionID], [OptionText], [IsCorrect]) VALUES (1111, 271, N'Chọn Đồng ý để lần sau vào nhanh hơn', 0);
INSERT INTO [QuestionOptions] ([OptionID], [QuestionID], [OptionText], [IsCorrect]) VALUES (1112, 271, N'Chọn Không lưu để tránh bị lộ tài khoản', 1);
INSERT INTO [QuestionOptions] ([OptionID], [QuestionID], [OptionText], [IsCorrect]) VALUES (1113, 271, N'Chọn Lưu tạm thời', 0);
INSERT INTO [QuestionOptions] ([OptionID], [QuestionID], [OptionText], [IsCorrect]) VALUES (1114, 271, N'Tắt trình duyệt luôn', 0);
INSERT INTO [QuestionOptions] ([OptionID], [QuestionID], [OptionText], [IsCorrect]) VALUES (1115, 272, N'Định kỳ mỗi 3 đến 6 tháng một lần', 1);
INSERT INTO [QuestionOptions] ([OptionID], [QuestionID], [OptionText], [IsCorrect]) VALUES (1116, 272, N'Hàng tuần', 0);
INSERT INTO [QuestionOptions] ([OptionID], [QuestionID], [OptionText], [IsCorrect]) VALUES (1117, 272, N'Chỉ khi nào bị hack mới đổi', 0);
INSERT INTO [QuestionOptions] ([OptionID], [QuestionID], [OptionText], [IsCorrect]) VALUES (1118, 272, N'5 năm một lần', 0);
INSERT INTO [QuestionOptions] ([OptionID], [QuestionID], [OptionText], [IsCorrect]) VALUES (1119, 273, N'Là sự cẩn thận đáng khen ngợi', 0);
INSERT INTO [QuestionOptions] ([OptionID], [QuestionID], [OptionText], [IsCorrect]) VALUES (1120, 273, N'Hành vi để lộ thông tin nghiêm trọng, tạo sơ hở cho kẻ xấu', 1);
INSERT INTO [QuestionOptions] ([OptionID], [QuestionID], [OptionText], [IsCorrect]) VALUES (1121, 273, N'Giúp IT hỗ trợ máy nhanh hơn', 0);
INSERT INTO [QuestionOptions] ([OptionID], [QuestionID], [OptionText], [IsCorrect]) VALUES (1122, 273, N'Không ảnh hưởng vì có camera giám sát', 0);
INSERT INTO [QuestionOptions] ([OptionID], [QuestionID], [OptionText], [IsCorrect]) VALUES (1123, 274, N'Ctrl + Alt + Del', 0);
INSERT INTO [QuestionOptions] ([OptionID], [QuestionID], [OptionText], [IsCorrect]) VALUES (1124, 274, N'Windows + L', 1);
INSERT INTO [QuestionOptions] ([OptionID], [QuestionID], [OptionText], [IsCorrect]) VALUES (1125, 274, N'Alt + F4', 0);
INSERT INTO [QuestionOptions] ([OptionID], [QuestionID], [OptionText], [IsCorrect]) VALUES (1126, 274, N'Ctrl + Shift + Esc', 0);
INSERT INTO [QuestionOptions] ([OptionID], [QuestionID], [OptionText], [IsCorrect]) VALUES (1127, 275, N'Trojan Horse', 0);
INSERT INTO [QuestionOptions] ([OptionID], [QuestionID], [OptionText], [IsCorrect]) VALUES (1128, 275, N'Ransomware (Mã độc tống tiền)', 1);
INSERT INTO [QuestionOptions] ([OptionID], [QuestionID], [OptionText], [IsCorrect]) VALUES (1129, 275, N'Spyware', 0);
INSERT INTO [QuestionOptions] ([OptionID], [QuestionID], [OptionText], [IsCorrect]) VALUES (1130, 275, N'Adware', 0);
INSERT INTO [QuestionOptions] ([OptionID], [QuestionID], [OptionText], [IsCorrect]) VALUES (1131, 276, N'Lập tức đọc mật khẩu để hỗ trợ công việc', 0);
INSERT INTO [QuestionOptions] ([OptionID], [QuestionID], [OptionText], [IsCorrect]) VALUES (1132, 276, N'Từ chối cung cấp và báo cáo vì IT chính thống không bao giờ hỏi mật khẩu cá nhân của bạn', 1);
INSERT INTO [QuestionOptions] ([OptionID], [QuestionID], [OptionText], [IsCorrect]) VALUES (1133, 276, N'Gửi tin nhắn mật khẩu qua Zalo', 0);
INSERT INTO [QuestionOptions] ([OptionID], [QuestionID], [OptionText], [IsCorrect]) VALUES (1134, 276, N'Bảo người đó tự vào hệ thống lấy', 0);
INSERT INTO [QuestionOptions] ([OptionID], [QuestionID], [OptionText], [IsCorrect]) VALUES (1135, 277, N'Tốn pin máy tính hơn', 0);
INSERT INTO [QuestionOptions] ([OptionID], [QuestionID], [OptionText], [IsCorrect]) VALUES (1136, 277, N'Bị kẻ xấu trên cùng mạng chặn thu dữ liệu và đánh cắp thông tin truyền tải', 1);
INSERT INTO [QuestionOptions] ([OptionID], [QuestionID], [OptionText], [IsCorrect]) VALUES (1137, 277, N'Làm hỏng card mạng của máy', 0);
INSERT INTO [QuestionOptions] ([OptionID], [QuestionID], [OptionText], [IsCorrect]) VALUES (1138, 277, N'Bị giới hạn dung lượng download', 0);
INSERT INTO [QuestionOptions] ([OptionID], [QuestionID], [OptionText], [IsCorrect]) VALUES (1139, 278, N'Gọi điện thoại trực tiếp', 0);
INSERT INTO [QuestionOptions] ([OptionID], [QuestionID], [OptionText], [IsCorrect]) VALUES (1140, 278, N'Email giả mạo có liên kết độc hại hoặc tệp đính kèm chứa mã độc', 1);
INSERT INTO [QuestionOptions] ([OptionID], [QuestionID], [OptionText], [IsCorrect]) VALUES (1141, 278, N'Gửi thư tay đến văn phòng', 0);
INSERT INTO [QuestionOptions] ([OptionID], [QuestionID], [OptionText], [IsCorrect]) VALUES (1142, 278, N'Nhắn tin SMS thương hiệu', 0);
INSERT INTO [QuestionOptions] ([OptionID], [QuestionID], [OptionText], [IsCorrect]) VALUES (1143, 279, N'Tên miền người gửi khác lạ, có lỗi chính tả, văn phong hối thúc hoặc yêu cầu đăng nhập tài khoản đột ngột', 1);
INSERT INTO [QuestionOptions] ([OptionID], [QuestionID], [OptionText], [IsCorrect]) VALUES (1144, 279, N'Email có định dạng đẹp mắt', 0);
INSERT INTO [QuestionOptions] ([OptionID], [QuestionID], [OptionText], [IsCorrect]) VALUES (1145, 279, N'Email gửi vào ban đêm', 0);
INSERT INTO [QuestionOptions] ([OptionID], [QuestionID], [OptionText], [IsCorrect]) VALUES (1146, 279, N'Email đính kèm file PDF hóa đơn thông thường', 0);
INSERT INTO [QuestionOptions] ([OptionID], [QuestionID], [OptionText], [IsCorrect]) VALUES (1147, 280, N'Nhấp vào liên kết ngay để tài khoản không bị khóa', 0);
INSERT INTO [QuestionOptions] ([OptionID], [QuestionID], [OptionText], [IsCorrect]) VALUES (1148, 280, N'Không nhấp liên kết, báo cáo cho bộ phận IT hoặc an ninh thông tin kiểm tra xác minh', 1);
INSERT INTO [QuestionOptions] ([OptionID], [QuestionID], [OptionText], [IsCorrect]) VALUES (1149, 280, N'Gửi email đó cho đồng nghiệp cùng kiểm tra', 0);
INSERT INTO [QuestionOptions] ([OptionID], [QuestionID], [OptionText], [IsCorrect]) VALUES (1150, 280, N'Xóa email đi và coi như không có chuyện gì', 0);
INSERT INTO [QuestionOptions] ([OptionID], [QuestionID], [OptionText], [IsCorrect]) VALUES (1151, 281, N'Nhấp chuột phải chọn Properties', 0);
INSERT INTO [QuestionOptions] ([OptionID], [QuestionID], [OptionText], [IsCorrect]) VALUES (1152, 281, N'Di con trỏ chuột lên liên kết (không click) để xem địa chỉ URL thực tế xuất hiện ở góc dưới màn hình', 1);
INSERT INTO [QuestionOptions] ([OptionID], [QuestionID], [OptionText], [IsCorrect]) VALUES (1153, 281, N'Nhấp đúp chuột thật nhanh', 0);
INSERT INTO [QuestionOptions] ([OptionID], [QuestionID], [OptionText], [IsCorrect]) VALUES (1154, 281, N'Không thể kiểm tra được', 0);
INSERT INTO [QuestionOptions] ([OptionID], [QuestionID], [OptionText], [IsCorrect]) VALUES (1155, 282, N'Thay đổi mật khẩu tài khoản đó ngay lập tức và báo cáo khẩn cấp cho IT', 1);
INSERT INTO [QuestionOptions] ([OptionID], [QuestionID], [OptionText], [IsCorrect]) VALUES (1156, 282, N'Đợi xem có ai đăng nhập trái phép không', 0);
INSERT INTO [QuestionOptions] ([OptionID], [QuestionID], [OptionText], [IsCorrect]) VALUES (1157, 282, N'Tắt máy tính đi ngủ', 0);
INSERT INTO [QuestionOptions] ([OptionID], [QuestionID], [OptionText], [IsCorrect]) VALUES (1158, 282, N'Cài đặt lại hệ điều hành Windows', 0);
INSERT INTO [QuestionOptions] ([OptionID], [QuestionID], [OptionText], [IsCorrect]) VALUES (1159, 283, N'.pdf hoặc .txt', 0);
INSERT INTO [QuestionOptions] ([OptionID], [QuestionID], [OptionText], [IsCorrect]) VALUES (1160, 283, N'.docx hoặc .xlsx', 0);
INSERT INTO [QuestionOptions] ([OptionID], [QuestionID], [OptionText], [IsCorrect]) VALUES (1161, 283, N'.exe, .scr, .bat hoặc các file nén chứa file chạy này', 1);
INSERT INTO [QuestionOptions] ([OptionID], [QuestionID], [OptionText], [IsCorrect]) VALUES (1162, 283, N'.png hoặc .jpg', 0);
INSERT INTO [QuestionOptions] ([OptionID], [QuestionID], [OptionText], [IsCorrect]) VALUES (1163, 284, N'@basau.com', 0);
INSERT INTO [QuestionOptions] ([OptionID], [QuestionID], [OptionText], [IsCorrect]) VALUES (1164, 284, N'@basau.net', 1);
INSERT INTO [QuestionOptions] ([OptionID], [QuestionID], [OptionText], [IsCorrect]) VALUES (1165, 284, N'@basau-company.com', 0);
INSERT INTO [QuestionOptions] ([OptionID], [QuestionID], [OptionText], [IsCorrect]) VALUES (1166, 284, N'@basau-group.net', 0);
INSERT INTO [QuestionOptions] ([OptionID], [QuestionID], [OptionText], [IsCorrect]) VALUES (1167, 285, N'Đúng, vì có chữ basau trong tên miền', 0);
INSERT INTO [QuestionOptions] ([OptionID], [QuestionID], [OptionText], [IsCorrect]) VALUES (1168, 285, N'Không, vì sai tên miền chính thức basau.net, đây là email mạo danh', 1);
INSERT INTO [QuestionOptions] ([OptionID], [QuestionID], [OptionText], [IsCorrect]) VALUES (1169, 285, N'Chắc chắn đúng vì nội dung về lương thưởng', 0);
INSERT INTO [QuestionOptions] ([OptionID], [QuestionID], [OptionText], [IsCorrect]) VALUES (1170, 285, N'Chỉ đúng khi có đóng dấu đỏ scan kèm theo', 0);
INSERT INTO [QuestionOptions] ([OptionID], [QuestionID], [OptionText], [IsCorrect]) VALUES (1171, 286, N'Forward email đó cho toàn bộ phòng ban cảnh báo', 0);
INSERT INTO [QuestionOptions] ([OptionID], [QuestionID], [OptionText], [IsCorrect]) VALUES (1172, 286, N'Báo cáo cho bộ phận IT bằng cách gửi dưới dạng đính kèm (Attachment) hoặc dùng nút Report Phishing', 1);
INSERT INTO [QuestionOptions] ([OptionID], [QuestionID], [OptionText], [IsCorrect]) VALUES (1173, 286, N'Trả lời email mắng mỏ kẻ lừa đảo', 0);
INSERT INTO [QuestionOptions] ([OptionID], [QuestionID], [OptionText], [IsCorrect]) VALUES (1174, 286, N'Báo cáo với Công an phường', 0);
INSERT INTO [QuestionOptions] ([OptionID], [QuestionID], [OptionText], [IsCorrect]) VALUES (1175, 287, N'Chia sẻ tự do trên nhóm chat cộng đồng', 0);
INSERT INTO [QuestionOptions] ([OptionID], [QuestionID], [OptionText], [IsCorrect]) VALUES (1176, 287, N'Chỉ chia sẻ cho đúng người có thẩm quyền thông qua kênh chính thống và bảo mật', 1);
INSERT INTO [QuestionOptions] ([OptionID], [QuestionID], [OptionText], [IsCorrect]) VALUES (1177, 287, N'Lưu trữ tự do trên máy tính cá nhân', 0);
INSERT INTO [QuestionOptions] ([OptionID], [QuestionID], [OptionText], [IsCorrect]) VALUES (1178, 287, N'In ra để bừa bãi tại bàn tiếp khách', 0);
INSERT INTO [QuestionOptions] ([OptionID], [QuestionID], [OptionText], [IsCorrect]) VALUES (1179, 288, N'Gọi điện telesales ngay lập tức', 0);
INSERT INTO [QuestionOptions] ([OptionID], [QuestionID], [OptionText], [IsCorrect]) VALUES (1180, 288, N'Xác định rõ chân dung khách hàng mục tiêu (Buyer Persona)', 1);
INSERT INTO [QuestionOptions] ([OptionID], [QuestionID], [OptionText], [IsCorrect]) VALUES (1181, 288, N'Gửi báo giá sản phẩm', 0);
INSERT INTO [QuestionOptions] ([OptionID], [QuestionID], [OptionText], [IsCorrect]) VALUES (1182, 288, N'Soạn thảo hợp đồng mua bán', 0);
INSERT INTO [QuestionOptions] ([OptionID], [QuestionID], [OptionText], [IsCorrect]) VALUES (1183, 289, N'Các mạng xã hội giải trí TikTok', 0);
INSERT INTO [QuestionOptions] ([OptionID], [QuestionID], [OptionText], [IsCorrect]) VALUES (1184, 289, N'LinkedIn, cổng đăng ký doanh nghiệp quốc gia và các danh bạ ngành', 1);
INSERT INTO [QuestionOptions] ([OptionID], [QuestionID], [OptionText], [IsCorrect]) VALUES (1185, 289, N'Các diễn đàn truyện tranh', 0);
INSERT INTO [QuestionOptions] ([OptionID], [QuestionID], [OptionText], [IsCorrect]) VALUES (1186, 289, N'Hỏi người thân trong gia đình', 0);
INSERT INTO [QuestionOptions] ([OptionID], [QuestionID], [OptionText], [IsCorrect]) VALUES (1187, 290, N'Bán hàng qua truyền hình', 0);
INSERT INTO [QuestionOptions] ([OptionID], [QuestionID], [OptionText], [IsCorrect]) VALUES (1188, 290, N'Hoạt động giới thiệu, bán hàng và tiếp cận đối tác qua điện thoại', 1);
INSERT INTO [QuestionOptions] ([OptionID], [QuestionID], [OptionText], [IsCorrect]) VALUES (1189, 290, N'Gửi tin nhắn quảng cáo tự động', 0);
INSERT INTO [QuestionOptions] ([OptionID], [QuestionID], [OptionText], [IsCorrect]) VALUES (1190, 290, N'Chăm sóc khách hàng trực tiếp tại showroom', 0);
INSERT INTO [QuestionOptions] ([OptionID], [QuestionID], [OptionText], [IsCorrect]) VALUES (1191, 291, N'Ép khách hàng chuyển tiền đặt cọc ngay', 0);
INSERT INTO [QuestionOptions] ([OptionID], [QuestionID], [OptionText], [IsCorrect]) VALUES (1192, 291, N'Thiết lập một cuộc hẹn gặp trực tiếp hoặc cuộc gọi tư vấn sâu hơn', 1);
INSERT INTO [QuestionOptions] ([OptionID], [QuestionID], [OptionText], [IsCorrect]) VALUES (1193, 291, N'Đọc toàn bộ tính năng kỹ thuật của sản phẩm trong 10 phút', 0);
INSERT INTO [QuestionOptions] ([OptionID], [QuestionID], [OptionText], [IsCorrect]) VALUES (1194, 291, N'Hỏi thăm sức khỏe gia đình khách hàng', 0);
INSERT INTO [QuestionOptions] ([OptionID], [QuestionID], [OptionText], [IsCorrect]) VALUES (1195, 292, N'Trước 7:00 sáng hoặc sau 9:00 tối', 0);
INSERT INTO [QuestionOptions] ([OptionID], [QuestionID], [OptionText], [IsCorrect]) VALUES (1196, 292, N'Giờ nghỉ trưa từ 12:00 đến 1:30 chiều', 0);
INSERT INTO [QuestionOptions] ([OptionID], [QuestionID], [OptionText], [IsCorrect]) VALUES (1197, 292, N'Từ 9:00 - 11:00 sáng hoặc 2:00 - 4:00 chiều trong giờ hành chính', 1);
INSERT INTO [QuestionOptions] ([OptionID], [QuestionID], [OptionText], [IsCorrect]) VALUES (1198, 292, N'Bất kỳ lúc nào sales rảnh', 0);
INSERT INTO [QuestionOptions] ([OptionID], [QuestionID], [OptionText], [IsCorrect]) VALUES (1199, 293, N'Phiếu chi chi phí', 0);
INSERT INTO [QuestionOptions] ([OptionID], [QuestionID], [OptionText], [IsCorrect]) VALUES (1200, 293, N'Company Profile hoặc Sales Deck', 1);
INSERT INTO [QuestionOptions] ([OptionID], [QuestionID], [OptionText], [IsCorrect]) VALUES (1201, 293, N'Hóa đơn VAT', 0);
INSERT INTO [QuestionOptions] ([OptionID], [QuestionID], [OptionText], [IsCorrect]) VALUES (1202, 293, N'Nhật ký vận hành máy', 0);
INSERT INTO [QuestionOptions] ([OptionID], [QuestionID], [OptionText], [IsCorrect]) VALUES (1203, 294, N'ERP', 0);
INSERT INTO [QuestionOptions] ([OptionID], [QuestionID], [OptionText], [IsCorrect]) VALUES (1204, 294, N'CRM (Customer Relationship Management)', 1);
INSERT INTO [QuestionOptions] ([OptionID], [QuestionID], [OptionText], [IsCorrect]) VALUES (1205, 294, N'LMS', 0);
INSERT INTO [QuestionOptions] ([OptionID], [QuestionID], [OptionText], [IsCorrect]) VALUES (1206, 294, N'CAD', 0);
INSERT INTO [QuestionOptions] ([OptionID], [QuestionID], [OptionText], [IsCorrect]) VALUES (1207, 295, N'Nói liên tục không cho khách hàng ngắt lời', 0);
INSERT INTO [QuestionOptions] ([OptionID], [QuestionID], [OptionText], [IsCorrect]) VALUES (1208, 295, N'Tập trung lắng nghe, ghi chú thông tin, thể hiện sự đồng cảm và đặt câu hỏi gợi mở nhu cầu', 1);
INSERT INTO [QuestionOptions] ([OptionID], [QuestionID], [OptionText], [IsCorrect]) VALUES (1209, 295, N'Vừa nghe điện thoại vừa lướt Facebook', 0);
INSERT INTO [QuestionOptions] ([OptionID], [QuestionID], [OptionText], [IsCorrect]) VALUES (1210, 295, N'Đồng ý với tất cả yêu cầu giảm giá của khách hàng', 0);
INSERT INTO [QuestionOptions] ([OptionID], [QuestionID], [OptionText], [IsCorrect]) VALUES (1211, 296, N'Đợi đến cuối tuần gửi hàng loạt', 0);
INSERT INTO [QuestionOptions] ([OptionID], [QuestionID], [OptionText], [IsCorrect]) VALUES (1212, 296, N'Trong vòng tối đa 2 giờ sau cuộc gọi khi khách hàng còn nhớ thông tin', 1);
INSERT INTO [QuestionOptions] ([OptionID], [QuestionID], [OptionText], [IsCorrect]) VALUES (1213, 296, N'Sau 3 ngày để tạo độ khan hiếm', 0);
INSERT INTO [QuestionOptions] ([OptionID], [QuestionID], [OptionText], [IsCorrect]) VALUES (1214, 296, N'Không cần gửi nếu khách hàng không giục', 0);
INSERT INTO [QuestionOptions] ([OptionID], [QuestionID], [OptionText], [IsCorrect]) VALUES (1215, 297, N'Số phút đàm thoại', 0);
INSERT INTO [QuestionOptions] ([OptionID], [QuestionID], [OptionText], [IsCorrect]) VALUES (1216, 297, N'Số lượng cuộc gọi kết nối thành công và số lượng cơ hội hẹn gặp được thiết lập', 1);
INSERT INTO [QuestionOptions] ([OptionID], [QuestionID], [OptionText], [IsCorrect]) VALUES (1217, 297, N'Số trang tài liệu đã in', 0);
INSERT INTO [QuestionOptions] ([OptionID], [QuestionID], [OptionText], [IsCorrect]) VALUES (1218, 297, N'Thời gian đi làm đúng giờ', 0);
INSERT INTO [QuestionOptions] ([OptionID], [QuestionID], [OptionText], [IsCorrect]) VALUES (1219, 298, N'Lập tức giảm giá 50% để giữ khách', 0);
INSERT INTO [QuestionOptions] ([OptionID], [QuestionID], [OptionText], [IsCorrect]) VALUES (1220, 298, N'Lắng nghe, tỏ thái độ đồng cảm, hỏi rõ lý do so sánh rồi phân tích giá trị vượt trội sản phẩm mang lại', 1);
INSERT INTO [QuestionOptions] ([OptionID], [QuestionID], [OptionText], [IsCorrect]) VALUES (1221, 298, N'Nói rằng tiền nào của nấy và tỏ ý chê khách hàng không có tiền', 0);
INSERT INTO [QuestionOptions] ([OptionID], [QuestionID], [OptionText], [IsCorrect]) VALUES (1222, 298, N'Im lặng và cúp máy', 0);
INSERT INTO [QuestionOptions] ([OptionID], [QuestionID], [OptionText], [IsCorrect]) VALUES (1223, 299, N'Giả vờ như chưa chốt được', 0);
INSERT INTO [QuestionOptions] ([OptionID], [QuestionID], [OptionText], [IsCorrect]) VALUES (1224, 299, N'Mặc định khách hàng đã đồng ý mua và chuyển sang hỏi về phương thức giao hàng hoặc thông tin xuất hóa đơn', 1);
INSERT INTO [QuestionOptions] ([OptionID], [QuestionID], [OptionText], [IsCorrect]) VALUES (1225, 299, N'Bắt khách hàng ký cam kết trước', 0);
INSERT INTO [QuestionOptions] ([OptionID], [QuestionID], [OptionText], [IsCorrect]) VALUES (1226, 299, N'Hỏi xem khách hàng có cần cân nhắc thêm không', 0);
INSERT INTO [QuestionOptions] ([OptionID], [QuestionID], [OptionText], [IsCorrect]) VALUES (1227, 300, N'Xóa thông tin khách hàng khỏi CRM', 0);
INSERT INTO [QuestionOptions] ([OptionID], [QuestionID], [OptionText], [IsCorrect]) VALUES (1228, 300, N'Xin phép giữ liên lạc, gửi thông tin bản tin hữu ích định kỳ để duy trì mối quan hệ và đón đầu cơ hội tương lai', 1);
INSERT INTO [QuestionOptions] ([OptionID], [QuestionID], [OptionText], [IsCorrect]) VALUES (1229, 300, N'Nài nỉ khách hàng mua ủng hộ', 0);
INSERT INTO [QuestionOptions] ([OptionID], [QuestionID], [OptionText], [IsCorrect]) VALUES (1230, 300, N'Tỏ thái độ khó chịu', 0);
INSERT INTO [QuestionOptions] ([OptionID], [QuestionID], [OptionText], [IsCorrect]) VALUES (1231, 301, N'Bắt bẻ khách hàng', 0);
INSERT INTO [QuestionOptions] ([OptionID], [QuestionID], [OptionText], [IsCorrect]) VALUES (1232, 301, N'Xác định xem lý do từ chối đó có phải là rào cản thực sự duy nhất hay còn lý do nào khác', 1);
INSERT INTO [QuestionOptions] ([OptionID], [QuestionID], [OptionText], [IsCorrect]) VALUES (1233, 301, N'Chia rẽ các thành viên trong ban mua hàng', 0);
INSERT INTO [QuestionOptions] ([OptionID], [QuestionID], [OptionText], [IsCorrect]) VALUES (1234, 301, N'Hạn chế khách hàng đặt câu hỏi', 0);
INSERT INTO [QuestionOptions] ([OptionID], [QuestionID], [OptionText], [IsCorrect]) VALUES (1235, 302, N'Chốt sales khan hiếm', 0);
INSERT INTO [QuestionOptions] ([OptionID], [QuestionID], [OptionText], [IsCorrect]) VALUES (1236, 302, N'Chốt lựa chọn kép (Alternative Close)', 1);
INSERT INTO [QuestionOptions] ([OptionID], [QuestionID], [OptionText], [IsCorrect]) VALUES (1237, 302, N'Chốt thử nghiệm', 0);
INSERT INTO [QuestionOptions] ([OptionID], [QuestionID], [OptionText], [IsCorrect]) VALUES (1238, 302, N'Chốt giảm giá trực tiếp', 0);
INSERT INTO [QuestionOptions] ([OptionID], [QuestionID], [OptionText], [IsCorrect]) VALUES (1239, 303, N'Tập trung giải thích giá trị lợi ích của sản phẩm mang lại thay vì chỉ giảm giá bán trực tiếp', 1);
INSERT INTO [QuestionOptions] ([OptionID], [QuestionID], [OptionText], [IsCorrect]) VALUES (1240, 303, N'Nhất quyết không bớt một đồng nào', 0);
INSERT INTO [QuestionOptions] ([OptionID], [QuestionID], [OptionText], [IsCorrect]) VALUES (1241, 303, N'Đồng ý giảm giá ngay khi khách hàng yêu cầu', 0);
INSERT INTO [QuestionOptions] ([OptionID], [QuestionID], [OptionText], [IsCorrect]) VALUES (1242, 303, N'Đổ lỗi cho phòng kế toán quy định', 0);
INSERT INTO [QuestionOptions] ([OptionID], [QuestionID], [OptionText], [IsCorrect]) VALUES (1243, 304, N'Đi ăn mừng và tạm dừng chăm sóc', 0);
INSERT INTO [QuestionOptions] ([OptionID], [QuestionID], [OptionText], [IsCorrect]) VALUES (1244, 304, N'Gửi email xác nhận đơn hàng, soạn hợp đồng chính thức và phối hợp bộ phận kế toán/kho để thực hiện', 1);
INSERT INTO [QuestionOptions] ([OptionID], [QuestionID], [OptionText], [IsCorrect]) VALUES (1245, 304, N'Hỏi khách hàng có muốn mua thêm sản phẩm khác không ngay lập tức', 0);
INSERT INTO [QuestionOptions] ([OptionID], [QuestionID], [OptionText], [IsCorrect]) VALUES (1246, 304, N'Đợi khách hàng chủ động chuyển tiền', 0);
INSERT INTO [QuestionOptions] ([OptionID], [QuestionID], [OptionText], [IsCorrect]) VALUES (1247, 305, N'Để đòi nợ tiền hàng', 0);
INSERT INTO [QuestionOptions] ([OptionID], [QuestionID], [OptionText], [IsCorrect]) VALUES (1248, 305, N'Đảm bảo khách hàng hài lòng, giải quyết khiếu nại kịp thời nhằm tăng tỷ lệ tái mua và giới thiệu khách hàng mới', 1);
INSERT INTO [QuestionOptions] ([OptionID], [QuestionID], [OptionText], [IsCorrect]) VALUES (1249, 305, N'Thực hiện đúng thủ tục cho xong việc', 0);
INSERT INTO [QuestionOptions] ([OptionID], [QuestionID], [OptionText], [IsCorrect]) VALUES (1250, 305, N'Hỏi thăm đời tư của khách hàng', 0);
INSERT INTO [QuestionOptions] ([OptionID], [QuestionID], [OptionText], [IsCorrect]) VALUES (1251, 306, N'Đổ lỗi cho bộ phận sản xuất hoặc khâu vận chuyển', 0);
INSERT INTO [QuestionOptions] ([OptionID], [QuestionID], [OptionText], [IsCorrect]) VALUES (1252, 306, N'Lắng nghe chân thành, xin lỗi vì sự bất tiện, nhận trách nhiệm và phối hợp kỹ thuật xử lý khắc phục nhanh nhất', 1);
INSERT INTO [QuestionOptions] ([OptionID], [QuestionID], [OptionText], [IsCorrect]) VALUES (1253, 306, N'Tranh cãi với khách hàng xem lỗi do ai', 0);
INSERT INTO [QuestionOptions] ([OptionID], [QuestionID], [OptionText], [IsCorrect]) VALUES (1254, 306, N'Tránh mặt không nghe điện thoại', 0);
INSERT INTO [QuestionOptions] ([OptionID], [QuestionID], [OptionText], [IsCorrect]) VALUES (1255, 307, N'Tổng số khách hàng gọi điện', 0);
INSERT INTO [QuestionOptions] ([OptionID], [QuestionID], [OptionText], [IsCorrect]) VALUES (1256, 307, N'Số cơ hội bán hàng ký kết hợp đồng thành công chia cho tổng số cơ hội bán hàng nhận được trong kỳ', 1);
INSERT INTO [QuestionOptions] ([OptionID], [QuestionID], [OptionText], [IsCorrect]) VALUES (1257, 307, N'Tổng doanh số bán hàng trong tháng', 0);
INSERT INTO [QuestionOptions] ([OptionID], [QuestionID], [OptionText], [IsCorrect]) VALUES (1258, 307, N'Số lượng nhân viên sales trong phòng', 0);
INSERT INTO [QuestionOptions] ([OptionID], [QuestionID], [OptionText], [IsCorrect]) VALUES (1259, 308, N'Giấy biên nhận viết tay không có dấu', 0);
INSERT INTO [QuestionOptions] ([OptionID], [QuestionID], [OptionText], [IsCorrect]) VALUES (1260, 308, N'Hóa đơn giá trị gia tăng (GTGT) - hóa đơn điện tử hợp pháp được xuất từ bên bán', 1);
INSERT INTO [QuestionOptions] ([OptionID], [QuestionID], [OptionText], [IsCorrect]) VALUES (1261, 308, N'Ảnh chụp sản phẩm mua về', 0);
INSERT INTO [QuestionOptions] ([OptionID], [QuestionID], [OptionText], [IsCorrect]) VALUES (1262, 308, N'Phiếu đề xuất mua sắm của phòng ban', 0);
INSERT INTO [QuestionOptions] ([OptionID], [QuestionID], [OptionText], [IsCorrect]) VALUES (1263, 309, N'Không cần ghi rõ', 0);
INSERT INTO [QuestionOptions] ([OptionID], [QuestionID], [OptionText], [IsCorrect]) VALUES (1264, 309, N'Phải chính xác tuyệt đối theo giấy chứng nhận đăng ký doanh nghiệp của công ty', 1);
INSERT INTO [QuestionOptions] ([OptionID], [QuestionID], [OptionText], [IsCorrect]) VALUES (1265, 309, N'Chỉ cần ghi đúng tên công ty, mã số thuế ghi sai cũng được', 0);
INSERT INTO [QuestionOptions] ([OptionID], [QuestionID], [OptionText], [IsCorrect]) VALUES (1266, 309, N'Có thể dùng mã số thuế cá nhân của người mua hàng', 0);
INSERT INTO [QuestionOptions] ([OptionID], [QuestionID], [OptionText], [IsCorrect]) VALUES (1267, 310, N'Từ 5 triệu đồng trở lên', 0);
INSERT INTO [QuestionOptions] ([OptionID], [QuestionID], [OptionText], [IsCorrect]) VALUES (1268, 310, N'Từ 20 triệu đồng trở lên (đã bao gồm VAT)', 1);
INSERT INTO [QuestionOptions] ([OptionID], [QuestionID], [OptionText], [IsCorrect]) VALUES (1269, 310, N'Từ 50 triệu đồng trở lên', 0);
INSERT INTO [QuestionOptions] ([OptionID], [QuestionID], [OptionText], [IsCorrect]) VALUES (1270, 310, N'Không giới hạn số tiền thanh toán bằng tiền mặt', 0);
INSERT INTO [QuestionOptions] ([OptionID], [QuestionID], [OptionText], [IsCorrect]) VALUES (1271, 311, N'Hợp đồng mua bán ký trước đó', 0);
INSERT INTO [QuestionOptions] ([OptionID], [QuestionID], [OptionText], [IsCorrect]) VALUES (1272, 311, N'Biên bản bàn giao hàng hóa có đầy đủ chữ ký của đại diện bên giao và bên nhận', 1);
INSERT INTO [QuestionOptions] ([OptionID], [QuestionID], [OptionText], [IsCorrect]) VALUES (1273, 311, N'Email trao đổi thỏa thuận', 0);
INSERT INTO [QuestionOptions] ([OptionID], [QuestionID], [OptionText], [IsCorrect]) VALUES (1274, 311, N'Báo giá sản phẩm', 0);
INSERT INTO [QuestionOptions] ([OptionID], [QuestionID], [OptionText], [IsCorrect]) VALUES (1275, 312, N'Trang thông tin của Bộ Công thương', 0);
INSERT INTO [QuestionOptions] ([OptionID], [QuestionID], [OptionText], [IsCorrect]) VALUES (1276, 312, N'Hệ thống hóa đơn điện tử của Tổng cục Thuế', 1);
INSERT INTO [QuestionOptions] ([OptionID], [QuestionID], [OptionText], [IsCorrect]) VALUES (1277, 312, N'Cổng dịch vụ công quốc gia', 0);
INSERT INTO [QuestionOptions] ([OptionID], [QuestionID], [OptionText], [IsCorrect]) VALUES (1278, 312, N'Trang chủ của doanh nghiệp bán hàng', 0);
INSERT INTO [QuestionOptions] ([OptionID], [QuestionID], [OptionText], [IsCorrect]) VALUES (1279, 313, N'Phiếu thu', 0);
INSERT INTO [QuestionOptions] ([OptionID], [QuestionID], [OptionText], [IsCorrect]) VALUES (1280, 313, N'Phiếu chi', 1);
INSERT INTO [QuestionOptions] ([OptionID], [QuestionID], [OptionText], [IsCorrect]) VALUES (1281, 313, N'Phiếu nhập kho', 0);
INSERT INTO [QuestionOptions] ([OptionID], [QuestionID], [OptionText], [IsCorrect]) VALUES (1282, 313, N'Ủy nhiệm chi', 0);
INSERT INTO [QuestionOptions] ([OptionID], [QuestionID], [OptionText], [IsCorrect]) VALUES (1283, 314, N'Đến cuối năm nộp một thể', 0);
INSERT INTO [QuestionOptions] ([OptionID], [QuestionID], [OptionText], [IsCorrect]) VALUES (1284, 314, N'Trước ngày 5 của tháng tiếp theo để kịp hạch toán và báo cáo thuế', 1);
INSERT INTO [QuestionOptions] ([OptionID], [QuestionID], [OptionText], [IsCorrect]) VALUES (1285, 314, N'Bất kỳ lúc nào rảnh', 0);
INSERT INTO [QuestionOptions] ([OptionID], [QuestionID], [OptionText], [IsCorrect]) VALUES (1286, 314, N'Sau 3 tháng kể từ ngày phát sinh', 0);
INSERT INTO [QuestionOptions] ([OptionID], [QuestionID], [OptionText], [IsCorrect]) VALUES (1287, 315, N'Chỉ cần hóa đơn GTGT', 0);
INSERT INTO [QuestionOptions] ([OptionID], [QuestionID], [OptionText], [IsCorrect]) VALUES (1288, 315, N'Tờ trình mua sắm được duyệt, báo giá so sánh, hợp đồng mua bán, hóa đơn GTGT, biên bản bàn giao và nghiệm thu', 1);
INSERT INTO [QuestionOptions] ([OptionID], [QuestionID], [OptionText], [IsCorrect]) VALUES (1289, 315, N'Ảnh chụp tài sản', 0);
INSERT INTO [QuestionOptions] ([OptionID], [QuestionID], [OptionText], [IsCorrect]) VALUES (1290, 315, N'Biên bản họp của Ban giám đốc', 0);
INSERT INTO [QuestionOptions] ([OptionID], [QuestionID], [OptionText], [IsCorrect]) VALUES (1291, 316, N'Nhân viên kế toán thanh toán', 0);
INSERT INTO [QuestionOptions] ([OptionID], [QuestionID], [OptionText], [IsCorrect]) VALUES (1292, 316, N'Giám đốc Điều hành (CEO) hoặc người được ủy quyền hợp pháp bằng văn bản', 1);
INSERT INTO [QuestionOptions] ([OptionID], [QuestionID], [OptionText], [IsCorrect]) VALUES (1293, 316, N'Trưởng phòng Nhân sự', 0);
INSERT INTO [QuestionOptions] ([OptionID], [QuestionID], [OptionText], [IsCorrect]) VALUES (1294, 316, N'Thủ quỹ công ty', 0);
INSERT INTO [QuestionOptions] ([OptionID], [QuestionID], [OptionText], [IsCorrect]) VALUES (1295, 317, N'Vì kế toán không thích đọc hóa đơn xấu', 0);
INSERT INTO [QuestionOptions] ([OptionID], [QuestionID], [OptionText], [IsCorrect]) VALUES (1296, 317, N'Vì hóa đơn không đủ điều kiện pháp lý để khấu trừ thuế đầu vào và hạch toán chi phí hợp lệ của doanh nghiệp', 1);
INSERT INTO [QuestionOptions] ([OptionID], [QuestionID], [OptionText], [IsCorrect]) VALUES (1297, 317, N'Vì sợ tốn diện tích lưu trữ', 0);
INSERT INTO [QuestionOptions] ([OptionID], [QuestionID], [OptionText], [IsCorrect]) VALUES (1298, 317, N'Vì hóa đơn đó không có màu đẹp', 0);
INSERT INTO [QuestionOptions] ([OptionID], [QuestionID], [OptionText], [IsCorrect]) VALUES (1299, 318, N'Để cho nhân viên vay tiền tiêu dùng cá nhân', 0);
INSERT INTO [QuestionOptions] ([OptionID], [QuestionID], [OptionText], [IsCorrect]) VALUES (1300, 318, N'Cấp trước một khoản kinh phí định mức phục vụ công việc chung hoặc công tác phí trước khi thực hiện', 1);
INSERT INTO [QuestionOptions] ([OptionID], [QuestionID], [OptionText], [IsCorrect]) VALUES (1301, 318, N'Để giảm số tiền trong quỹ công ty', 0);
INSERT INTO [QuestionOptions] ([OptionID], [QuestionID], [OptionText], [IsCorrect]) VALUES (1302, 318, N'Để tăng lương cho nhân viên', 0);
INSERT INTO [QuestionOptions] ([OptionID], [QuestionID], [OptionText], [IsCorrect]) VALUES (1303, 319, N'Trưởng phòng Kế toán', 0);
INSERT INTO [QuestionOptions] ([OptionID], [QuestionID], [OptionText], [IsCorrect]) VALUES (1304, 319, N'Trưởng bộ phận trực tiếp quản lý của nhân viên đề xuất', 1);
INSERT INTO [QuestionOptions] ([OptionID], [QuestionID], [OptionText], [IsCorrect]) VALUES (1305, 319, N'Nhân viên thủ quỹ', 0);
INSERT INTO [QuestionOptions] ([OptionID], [QuestionID], [OptionText], [IsCorrect]) VALUES (1306, 319, N'Đồng nghiệp cùng phòng', 0);
INSERT INTO [QuestionOptions] ([OptionID], [QuestionID], [OptionText], [IsCorrect]) VALUES (1307, 320, N'Trong vòng 30 ngày làm việc', 0);
INSERT INTO [QuestionOptions] ([OptionID], [QuestionID], [OptionText], [IsCorrect]) VALUES (1308, 320, N'Trong vòng 5 ngày làm việc kể từ ngày trở lại công ty làm việc', 1);
INSERT INTO [QuestionOptions] ([OptionID], [QuestionID], [OptionText], [IsCorrect]) VALUES (1309, 320, N'Không giới hạn thời gian', 0);
INSERT INTO [QuestionOptions] ([OptionID], [QuestionID], [OptionText], [IsCorrect]) VALUES (1310, 320, N'Trước kỳ quyết toán thuế cuối năm', 0);
INSERT INTO [QuestionOptions] ([OptionID], [QuestionID], [OptionText], [IsCorrect]) VALUES (1311, 321, N'Nhân viên được giữ lại tiêu dùng cá nhân', 0);
INSERT INTO [QuestionOptions] ([OptionID], [QuestionID], [OptionText], [IsCorrect]) VALUES (1312, 321, N'Nhân viên phải nộp trả lại số tiền thừa vào quỹ công ty hoặc chuyển khoản hoàn trả ngay khi làm thủ tục hoàn ứng', 1);
INSERT INTO [QuestionOptions] ([OptionID], [QuestionID], [OptionText], [IsCorrect]) VALUES (1313, 321, N'Trừ vào lương tháng sau', 0);
INSERT INTO [QuestionOptions] ([OptionID], [QuestionID], [OptionText], [IsCorrect]) VALUES (1314, 321, N'Kế toán tự hạch toán xóa nợ', 0);
INSERT INTO [QuestionOptions] ([OptionID], [QuestionID], [OptionText], [IsCorrect]) VALUES (1315, 322, N'Nhân viên tự chịu chi phí đó', 0);
INSERT INTO [QuestionOptions] ([OptionID], [QuestionID], [OptionText], [IsCorrect]) VALUES (1316, 322, N'Công ty sẽ chi bổ sung phần chênh lệch cho nhân viên sau khi hồ sơ hoàn ứng được phê duyệt', 1);
INSERT INTO [QuestionOptions] ([OptionID], [QuestionID], [OptionText], [IsCorrect]) VALUES (1317, 322, N'Kế toán ghi nợ cho đợt công tác sau', 0);
INSERT INTO [QuestionOptions] ([OptionID], [QuestionID], [OptionText], [IsCorrect]) VALUES (1318, 322, N'Trừ vào ngân sách phòng ban', 0);
INSERT INTO [QuestionOptions] ([OptionID], [QuestionID], [OptionText], [IsCorrect]) VALUES (1319, 323, N'Chỉ cần ghi chép viết tay lịch trình', 0);
INSERT INTO [QuestionOptions] ([OptionID], [QuestionID], [OptionText], [IsCorrect]) VALUES (1320, 323, N'Quyết định cử đi công tác, vé xe/vé máy bay, hóa đơn tiền phòng và hóa đơn ăn uống tiếp khách hợp lệ', 1);
INSERT INTO [QuestionOptions] ([OptionID], [QuestionID], [OptionText], [IsCorrect]) VALUES (1321, 323, N'Ảnh lưu niệm chuyến đi', 0);
INSERT INTO [QuestionOptions] ([OptionID], [QuestionID], [OptionText], [IsCorrect]) VALUES (1322, 323, N'Báo cáo tiến độ bán hàng', 0);
INSERT INTO [QuestionOptions] ([OptionID], [QuestionID], [OptionText], [IsCorrect]) VALUES (1323, 324, N'Nhân viên đi muộn', 0);
INSERT INTO [QuestionOptions] ([OptionID], [QuestionID], [OptionText], [IsCorrect]) VALUES (1324, 324, N'Nhân viên vẫn chưa hoàn tất thủ tục thanh quyết toán khoản tạm ứng quá hạn trước đó', 1);
INSERT INTO [QuestionOptions] ([OptionID], [QuestionID], [OptionText], [IsCorrect]) VALUES (1325, 324, N'Phòng kế toán đang bận', 0);
INSERT INTO [QuestionOptions] ([OptionID], [QuestionID], [OptionText], [IsCorrect]) VALUES (1326, 324, N'Nhân viên chưa đạt KPI doanh số', 0);
INSERT INTO [QuestionOptions] ([OptionID], [QuestionID], [OptionText], [IsCorrect]) VALUES (1327, 325, N'Được phép dùng nếu hứa trả lại', 0);
INSERT INTO [QuestionOptions] ([OptionID], [QuestionID], [OptionText], [IsCorrect]) VALUES (1328, 325, N'Tuyệt đối không, tự ý sử dụng vào mục đích cá nhân bị coi là vi phạm nghiêm trọng quy chế tài chính và có thể bị kỷ luật sa thải', 1);
INSERT INTO [QuestionOptions] ([OptionID], [QuestionID], [OptionText], [IsCorrect]) VALUES (1329, 325, N'Được dùng dưới 1 triệu đồng', 0);
INSERT INTO [QuestionOptions] ([OptionID], [QuestionID], [OptionText], [IsCorrect]) VALUES (1330, 325, N'Chỉ được dùng khi đi công tác xa', 0);
INSERT INTO [QuestionOptions] ([OptionID], [QuestionID], [OptionText], [IsCorrect]) VALUES (1331, 326, N'Không giới hạn hạn mức', 0);
INSERT INTO [QuestionOptions] ([OptionID], [QuestionID], [OptionText], [IsCorrect]) VALUES (1332, 326, N'Dưới 5 triệu đồng theo quy chế quản lý tiền mặt nội bộ (trừ trường hợp đặc biệt được CEO duyệt)', 1);
INSERT INTO [QuestionOptions] ([OptionID], [QuestionID], [OptionText], [IsCorrect]) VALUES (1333, 326, N'Trên 100 triệu đồng', 0);
INSERT INTO [QuestionOptions] ([OptionID], [QuestionID], [OptionText], [IsCorrect]) VALUES (1334, 326, N'Chỉ được tối đa 500 nghìn đồng', 0);
INSERT INTO [QuestionOptions] ([OptionID], [QuestionID], [OptionText], [IsCorrect]) VALUES (1335, 327, N'Chỉ cần chữ ký người đề nghị', 0);
INSERT INTO [QuestionOptions] ([OptionID], [QuestionID], [OptionText], [IsCorrect]) VALUES (1336, 327, N'Người đề nghị, Trưởng bộ phận quản lý trực tiếp, Kế toán trưởng và Giám đốc duyệt', 1);
INSERT INTO [QuestionOptions] ([OptionID], [QuestionID], [OptionText], [IsCorrect]) VALUES (1337, 327, N'Người đề nghị và Thủ quỹ', 0);
INSERT INTO [QuestionOptions] ([OptionID], [QuestionID], [OptionText], [IsCorrect]) VALUES (1338, 327, N'Người đề nghị và IT Support', 0);
INSERT INTO [QuestionOptions] ([OptionID], [QuestionID], [OptionText], [IsCorrect]) VALUES (1339, 328, N'Định nghĩa A', 0);
INSERT INTO [QuestionOptions] ([OptionID], [QuestionID], [OptionText], [IsCorrect]) VALUES (1340, 328, N'Định nghĩa B (Đúng)', 1);
INSERT INTO [QuestionOptions] ([OptionID], [QuestionID], [OptionText], [IsCorrect]) VALUES (1341, 328, N'Định nghĩa C', 0);
INSERT INTO [QuestionOptions] ([OptionID], [QuestionID], [OptionText], [IsCorrect]) VALUES (1342, 328, N'Định nghĩa D', 0);
INSERT INTO [QuestionOptions] ([OptionID], [QuestionID], [OptionText], [IsCorrect]) VALUES (1343, 329, N'Tăng doanh thu', 0);
INSERT INTO [QuestionOptions] ([OptionID], [QuestionID], [OptionText], [IsCorrect]) VALUES (1344, 329, N'Giảm chi phí', 0);
INSERT INTO [QuestionOptions] ([OptionID], [QuestionID], [OptionText], [IsCorrect]) VALUES (1345, 329, N'Tối ưu hóa quy trình', 0);
INSERT INTO [QuestionOptions] ([OptionID], [QuestionID], [OptionText], [IsCorrect]) VALUES (1346, 329, N'Tất cả các ý trên', 1);
INSERT INTO [QuestionOptions] ([OptionID], [QuestionID], [OptionText], [IsCorrect]) VALUES (1347, 330, N'Định nghĩa A', 0);
INSERT INTO [QuestionOptions] ([OptionID], [QuestionID], [OptionText], [IsCorrect]) VALUES (1348, 330, N'Định nghĩa B (Đúng)', 1);
INSERT INTO [QuestionOptions] ([OptionID], [QuestionID], [OptionText], [IsCorrect]) VALUES (1349, 330, N'Định nghĩa C', 0);
INSERT INTO [QuestionOptions] ([OptionID], [QuestionID], [OptionText], [IsCorrect]) VALUES (1350, 330, N'Định nghĩa D', 0);
INSERT INTO [QuestionOptions] ([OptionID], [QuestionID], [OptionText], [IsCorrect]) VALUES (1351, 331, N'Tăng doanh thu', 0);
INSERT INTO [QuestionOptions] ([OptionID], [QuestionID], [OptionText], [IsCorrect]) VALUES (1352, 331, N'Giảm chi phí', 0);
INSERT INTO [QuestionOptions] ([OptionID], [QuestionID], [OptionText], [IsCorrect]) VALUES (1353, 331, N'Tối ưu hóa quy trình', 0);
INSERT INTO [QuestionOptions] ([OptionID], [QuestionID], [OptionText], [IsCorrect]) VALUES (1354, 331, N'Tất cả các ý trên', 1);
INSERT INTO [QuestionOptions] ([OptionID], [QuestionID], [OptionText], [IsCorrect]) VALUES (1355, 332, N'Định nghĩa A', 0);
INSERT INTO [QuestionOptions] ([OptionID], [QuestionID], [OptionText], [IsCorrect]) VALUES (1356, 332, N'Định nghĩa B (Đúng)', 1);
INSERT INTO [QuestionOptions] ([OptionID], [QuestionID], [OptionText], [IsCorrect]) VALUES (1357, 332, N'Định nghĩa C', 0);
INSERT INTO [QuestionOptions] ([OptionID], [QuestionID], [OptionText], [IsCorrect]) VALUES (1358, 332, N'Định nghĩa D', 0);
INSERT INTO [QuestionOptions] ([OptionID], [QuestionID], [OptionText], [IsCorrect]) VALUES (1359, 333, N'Tăng doanh thu', 0);
INSERT INTO [QuestionOptions] ([OptionID], [QuestionID], [OptionText], [IsCorrect]) VALUES (1360, 333, N'Giảm chi phí', 0);
INSERT INTO [QuestionOptions] ([OptionID], [QuestionID], [OptionText], [IsCorrect]) VALUES (1361, 333, N'Tối ưu hóa quy trình', 0);
INSERT INTO [QuestionOptions] ([OptionID], [QuestionID], [OptionText], [IsCorrect]) VALUES (1362, 333, N'Tất cả các ý trên', 1);
INSERT INTO [QuestionOptions] ([OptionID], [QuestionID], [OptionText], [IsCorrect]) VALUES (1363, 334, N'Định nghĩa A', 0);
INSERT INTO [QuestionOptions] ([OptionID], [QuestionID], [OptionText], [IsCorrect]) VALUES (1364, 334, N'Định nghĩa B (Đúng)', 1);
INSERT INTO [QuestionOptions] ([OptionID], [QuestionID], [OptionText], [IsCorrect]) VALUES (1365, 334, N'Định nghĩa C', 0);
INSERT INTO [QuestionOptions] ([OptionID], [QuestionID], [OptionText], [IsCorrect]) VALUES (1366, 334, N'Định nghĩa D', 0);
INSERT INTO [QuestionOptions] ([OptionID], [QuestionID], [OptionText], [IsCorrect]) VALUES (1367, 335, N'Tăng doanh thu', 0);
INSERT INTO [QuestionOptions] ([OptionID], [QuestionID], [OptionText], [IsCorrect]) VALUES (1368, 335, N'Giảm chi phí', 0);
INSERT INTO [QuestionOptions] ([OptionID], [QuestionID], [OptionText], [IsCorrect]) VALUES (1369, 335, N'Tối ưu hóa quy trình', 0);
INSERT INTO [QuestionOptions] ([OptionID], [QuestionID], [OptionText], [IsCorrect]) VALUES (1370, 335, N'Tất cả các ý trên', 1);
INSERT INTO [QuestionOptions] ([OptionID], [QuestionID], [OptionText], [IsCorrect]) VALUES (1371, 336, N'Định nghĩa A', 0);
INSERT INTO [QuestionOptions] ([OptionID], [QuestionID], [OptionText], [IsCorrect]) VALUES (1372, 336, N'Định nghĩa B (Đúng)', 1);
INSERT INTO [QuestionOptions] ([OptionID], [QuestionID], [OptionText], [IsCorrect]) VALUES (1373, 336, N'Định nghĩa C', 0);
INSERT INTO [QuestionOptions] ([OptionID], [QuestionID], [OptionText], [IsCorrect]) VALUES (1374, 336, N'Định nghĩa D', 0);
INSERT INTO [QuestionOptions] ([OptionID], [QuestionID], [OptionText], [IsCorrect]) VALUES (1375, 337, N'Tăng doanh thu', 0);
INSERT INTO [QuestionOptions] ([OptionID], [QuestionID], [OptionText], [IsCorrect]) VALUES (1376, 337, N'Giảm chi phí', 0);
INSERT INTO [QuestionOptions] ([OptionID], [QuestionID], [OptionText], [IsCorrect]) VALUES (1377, 337, N'Tối ưu hóa quy trình', 0);
INSERT INTO [QuestionOptions] ([OptionID], [QuestionID], [OptionText], [IsCorrect]) VALUES (1378, 337, N'Tất cả các ý trên', 1);
INSERT INTO [QuestionOptions] ([OptionID], [QuestionID], [OptionText], [IsCorrect]) VALUES (1379, 338, N'Định nghĩa A', 0);
INSERT INTO [QuestionOptions] ([OptionID], [QuestionID], [OptionText], [IsCorrect]) VALUES (1380, 338, N'Định nghĩa B (Đúng)', 1);
INSERT INTO [QuestionOptions] ([OptionID], [QuestionID], [OptionText], [IsCorrect]) VALUES (1381, 338, N'Định nghĩa C', 0);
INSERT INTO [QuestionOptions] ([OptionID], [QuestionID], [OptionText], [IsCorrect]) VALUES (1382, 338, N'Định nghĩa D', 0);
INSERT INTO [QuestionOptions] ([OptionID], [QuestionID], [OptionText], [IsCorrect]) VALUES (1383, 339, N'Tăng doanh thu', 0);
INSERT INTO [QuestionOptions] ([OptionID], [QuestionID], [OptionText], [IsCorrect]) VALUES (1384, 339, N'Giảm chi phí', 0);
INSERT INTO [QuestionOptions] ([OptionID], [QuestionID], [OptionText], [IsCorrect]) VALUES (1385, 339, N'Tối ưu hóa quy trình', 0);
INSERT INTO [QuestionOptions] ([OptionID], [QuestionID], [OptionText], [IsCorrect]) VALUES (1386, 339, N'Tất cả các ý trên', 1);
INSERT INTO [QuestionOptions] ([OptionID], [QuestionID], [OptionText], [IsCorrect]) VALUES (1387, 340, N'Định nghĩa A', 0);
INSERT INTO [QuestionOptions] ([OptionID], [QuestionID], [OptionText], [IsCorrect]) VALUES (1388, 340, N'Định nghĩa B (Đúng)', 1);
INSERT INTO [QuestionOptions] ([OptionID], [QuestionID], [OptionText], [IsCorrect]) VALUES (1389, 340, N'Định nghĩa C', 0);
INSERT INTO [QuestionOptions] ([OptionID], [QuestionID], [OptionText], [IsCorrect]) VALUES (1390, 340, N'Định nghĩa D', 0);
INSERT INTO [QuestionOptions] ([OptionID], [QuestionID], [OptionText], [IsCorrect]) VALUES (1391, 341, N'Tăng doanh thu', 0);
INSERT INTO [QuestionOptions] ([OptionID], [QuestionID], [OptionText], [IsCorrect]) VALUES (1392, 341, N'Giảm chi phí', 0);
INSERT INTO [QuestionOptions] ([OptionID], [QuestionID], [OptionText], [IsCorrect]) VALUES (1393, 341, N'Tối ưu hóa quy trình', 0);
INSERT INTO [QuestionOptions] ([OptionID], [QuestionID], [OptionText], [IsCorrect]) VALUES (1394, 341, N'Tất cả các ý trên', 1);
INSERT INTO [QuestionOptions] ([OptionID], [QuestionID], [OptionText], [IsCorrect]) VALUES (1395, 342, N'Định nghĩa A', 0);
INSERT INTO [QuestionOptions] ([OptionID], [QuestionID], [OptionText], [IsCorrect]) VALUES (1396, 342, N'Định nghĩa B (Đúng)', 1);
INSERT INTO [QuestionOptions] ([OptionID], [QuestionID], [OptionText], [IsCorrect]) VALUES (1397, 342, N'Định nghĩa C', 0);
INSERT INTO [QuestionOptions] ([OptionID], [QuestionID], [OptionText], [IsCorrect]) VALUES (1398, 342, N'Định nghĩa D', 0);
INSERT INTO [QuestionOptions] ([OptionID], [QuestionID], [OptionText], [IsCorrect]) VALUES (1399, 343, N'Tăng doanh thu', 0);
INSERT INTO [QuestionOptions] ([OptionID], [QuestionID], [OptionText], [IsCorrect]) VALUES (1400, 343, N'Giảm chi phí', 0);
INSERT INTO [QuestionOptions] ([OptionID], [QuestionID], [OptionText], [IsCorrect]) VALUES (1401, 343, N'Tối ưu hóa quy trình', 0);
INSERT INTO [QuestionOptions] ([OptionID], [QuestionID], [OptionText], [IsCorrect]) VALUES (1402, 343, N'Tất cả các ý trên', 1);
INSERT INTO [QuestionOptions] ([OptionID], [QuestionID], [OptionText], [IsCorrect]) VALUES (1403, 344, N'Định nghĩa A', 0);
INSERT INTO [QuestionOptions] ([OptionID], [QuestionID], [OptionText], [IsCorrect]) VALUES (1404, 344, N'Định nghĩa B (Đúng)', 1);
INSERT INTO [QuestionOptions] ([OptionID], [QuestionID], [OptionText], [IsCorrect]) VALUES (1405, 344, N'Định nghĩa C', 0);
INSERT INTO [QuestionOptions] ([OptionID], [QuestionID], [OptionText], [IsCorrect]) VALUES (1406, 344, N'Định nghĩa D', 0);
INSERT INTO [QuestionOptions] ([OptionID], [QuestionID], [OptionText], [IsCorrect]) VALUES (1407, 345, N'Tăng doanh thu', 0);
INSERT INTO [QuestionOptions] ([OptionID], [QuestionID], [OptionText], [IsCorrect]) VALUES (1408, 345, N'Giảm chi phí', 0);
INSERT INTO [QuestionOptions] ([OptionID], [QuestionID], [OptionText], [IsCorrect]) VALUES (1409, 345, N'Tối ưu hóa quy trình', 0);
INSERT INTO [QuestionOptions] ([OptionID], [QuestionID], [OptionText], [IsCorrect]) VALUES (1410, 345, N'Tất cả các ý trên', 1);
INSERT INTO [QuestionOptions] ([OptionID], [QuestionID], [OptionText], [IsCorrect]) VALUES (1411, 346, N'Định nghĩa A', 0);
INSERT INTO [QuestionOptions] ([OptionID], [QuestionID], [OptionText], [IsCorrect]) VALUES (1412, 346, N'Định nghĩa B (Đúng)', 1);
INSERT INTO [QuestionOptions] ([OptionID], [QuestionID], [OptionText], [IsCorrect]) VALUES (1413, 346, N'Định nghĩa C', 0);
INSERT INTO [QuestionOptions] ([OptionID], [QuestionID], [OptionText], [IsCorrect]) VALUES (1414, 346, N'Định nghĩa D', 0);
INSERT INTO [QuestionOptions] ([OptionID], [QuestionID], [OptionText], [IsCorrect]) VALUES (1415, 347, N'Tăng doanh thu', 0);
INSERT INTO [QuestionOptions] ([OptionID], [QuestionID], [OptionText], [IsCorrect]) VALUES (1416, 347, N'Giảm chi phí', 0);
INSERT INTO [QuestionOptions] ([OptionID], [QuestionID], [OptionText], [IsCorrect]) VALUES (1417, 347, N'Tối ưu hóa quy trình', 0);
INSERT INTO [QuestionOptions] ([OptionID], [QuestionID], [OptionText], [IsCorrect]) VALUES (1418, 347, N'Tất cả các ý trên', 1);
INSERT INTO [QuestionOptions] ([OptionID], [QuestionID], [OptionText], [IsCorrect]) VALUES (1419, 348, N'Định nghĩa A', 0);
INSERT INTO [QuestionOptions] ([OptionID], [QuestionID], [OptionText], [IsCorrect]) VALUES (1420, 348, N'Định nghĩa B (Đúng)', 1);
INSERT INTO [QuestionOptions] ([OptionID], [QuestionID], [OptionText], [IsCorrect]) VALUES (1421, 348, N'Định nghĩa C', 0);
INSERT INTO [QuestionOptions] ([OptionID], [QuestionID], [OptionText], [IsCorrect]) VALUES (1422, 348, N'Định nghĩa D', 0);
INSERT INTO [QuestionOptions] ([OptionID], [QuestionID], [OptionText], [IsCorrect]) VALUES (1423, 349, N'Tăng doanh thu', 0);
INSERT INTO [QuestionOptions] ([OptionID], [QuestionID], [OptionText], [IsCorrect]) VALUES (1424, 349, N'Giảm chi phí', 0);
INSERT INTO [QuestionOptions] ([OptionID], [QuestionID], [OptionText], [IsCorrect]) VALUES (1425, 349, N'Tối ưu hóa quy trình', 0);
INSERT INTO [QuestionOptions] ([OptionID], [QuestionID], [OptionText], [IsCorrect]) VALUES (1426, 349, N'Tất cả các ý trên', 1);
INSERT INTO [QuestionOptions] ([OptionID], [QuestionID], [OptionText], [IsCorrect]) VALUES (1427, 350, N'Định nghĩa A', 0);
INSERT INTO [QuestionOptions] ([OptionID], [QuestionID], [OptionText], [IsCorrect]) VALUES (1428, 350, N'Định nghĩa B (Đúng)', 1);
INSERT INTO [QuestionOptions] ([OptionID], [QuestionID], [OptionText], [IsCorrect]) VALUES (1429, 350, N'Định nghĩa C', 0);
INSERT INTO [QuestionOptions] ([OptionID], [QuestionID], [OptionText], [IsCorrect]) VALUES (1430, 350, N'Định nghĩa D', 0);
INSERT INTO [QuestionOptions] ([OptionID], [QuestionID], [OptionText], [IsCorrect]) VALUES (1431, 351, N'Tăng doanh thu', 0);
INSERT INTO [QuestionOptions] ([OptionID], [QuestionID], [OptionText], [IsCorrect]) VALUES (1432, 351, N'Giảm chi phí', 0);
INSERT INTO [QuestionOptions] ([OptionID], [QuestionID], [OptionText], [IsCorrect]) VALUES (1433, 351, N'Tối ưu hóa quy trình', 0);
INSERT INTO [QuestionOptions] ([OptionID], [QuestionID], [OptionText], [IsCorrect]) VALUES (1434, 351, N'Tất cả các ý trên', 1);
INSERT INTO [QuestionOptions] ([OptionID], [QuestionID], [OptionText], [IsCorrect]) VALUES (1435, 352, N'Định nghĩa A', 0);
INSERT INTO [QuestionOptions] ([OptionID], [QuestionID], [OptionText], [IsCorrect]) VALUES (1436, 352, N'Định nghĩa B (Đúng)', 1);
INSERT INTO [QuestionOptions] ([OptionID], [QuestionID], [OptionText], [IsCorrect]) VALUES (1437, 352, N'Định nghĩa C', 0);
INSERT INTO [QuestionOptions] ([OptionID], [QuestionID], [OptionText], [IsCorrect]) VALUES (1438, 352, N'Định nghĩa D', 0);
INSERT INTO [QuestionOptions] ([OptionID], [QuestionID], [OptionText], [IsCorrect]) VALUES (1439, 353, N'Tăng doanh thu', 0);
INSERT INTO [QuestionOptions] ([OptionID], [QuestionID], [OptionText], [IsCorrect]) VALUES (1440, 353, N'Giảm chi phí', 0);
INSERT INTO [QuestionOptions] ([OptionID], [QuestionID], [OptionText], [IsCorrect]) VALUES (1441, 353, N'Tối ưu hóa quy trình', 0);
INSERT INTO [QuestionOptions] ([OptionID], [QuestionID], [OptionText], [IsCorrect]) VALUES (1442, 353, N'Tất cả các ý trên', 1);
INSERT INTO [QuestionOptions] ([OptionID], [QuestionID], [OptionText], [IsCorrect]) VALUES (1443, 354, N'Định nghĩa A', 0);
INSERT INTO [QuestionOptions] ([OptionID], [QuestionID], [OptionText], [IsCorrect]) VALUES (1444, 354, N'Định nghĩa B (Đúng)', 1);
INSERT INTO [QuestionOptions] ([OptionID], [QuestionID], [OptionText], [IsCorrect]) VALUES (1445, 354, N'Định nghĩa C', 0);
INSERT INTO [QuestionOptions] ([OptionID], [QuestionID], [OptionText], [IsCorrect]) VALUES (1446, 354, N'Định nghĩa D', 0);
INSERT INTO [QuestionOptions] ([OptionID], [QuestionID], [OptionText], [IsCorrect]) VALUES (1447, 355, N'Tăng doanh thu', 0);
INSERT INTO [QuestionOptions] ([OptionID], [QuestionID], [OptionText], [IsCorrect]) VALUES (1448, 355, N'Giảm chi phí', 0);
INSERT INTO [QuestionOptions] ([OptionID], [QuestionID], [OptionText], [IsCorrect]) VALUES (1449, 355, N'Tối ưu hóa quy trình', 0);
INSERT INTO [QuestionOptions] ([OptionID], [QuestionID], [OptionText], [IsCorrect]) VALUES (1450, 355, N'Tất cả các ý trên', 1);
INSERT INTO [QuestionOptions] ([OptionID], [QuestionID], [OptionText], [IsCorrect]) VALUES (1451, 356, N'Khái niệm A', 0);
INSERT INTO [QuestionOptions] ([OptionID], [QuestionID], [OptionText], [IsCorrect]) VALUES (1452, 356, N'Khái niệm B (Đúng)', 1);
INSERT INTO [QuestionOptions] ([OptionID], [QuestionID], [OptionText], [IsCorrect]) VALUES (1453, 356, N'Khái niệm C', 0);
INSERT INTO [QuestionOptions] ([OptionID], [QuestionID], [OptionText], [IsCorrect]) VALUES (1454, 356, N'Khái niệm D', 0);
INSERT INTO [QuestionOptions] ([OptionID], [QuestionID], [OptionText], [IsCorrect]) VALUES (1455, 357, N'quản lý', 1);
INSERT INTO [QuestionOptions] ([OptionID], [QuestionID], [OptionText], [IsCorrect]) VALUES (1456, 359, N'Khái niệm A', 0);
INSERT INTO [QuestionOptions] ([OptionID], [QuestionID], [OptionText], [IsCorrect]) VALUES (1457, 359, N'Khái niệm B (Đúng)', 1);
INSERT INTO [QuestionOptions] ([OptionID], [QuestionID], [OptionText], [IsCorrect]) VALUES (1458, 359, N'Khái niệm C', 0);
INSERT INTO [QuestionOptions] ([OptionID], [QuestionID], [OptionText], [IsCorrect]) VALUES (1459, 359, N'Khái niệm D', 0);
INSERT INTO [QuestionOptions] ([OptionID], [QuestionID], [OptionText], [IsCorrect]) VALUES (1460, 360, N'quản lý', 1);
INSERT INTO [QuestionOptions] ([OptionID], [QuestionID], [OptionText], [IsCorrect]) VALUES (1461, 362, N'Khái niệm A', 0);
INSERT INTO [QuestionOptions] ([OptionID], [QuestionID], [OptionText], [IsCorrect]) VALUES (1462, 362, N'Khái niệm B (Đúng)', 1);
INSERT INTO [QuestionOptions] ([OptionID], [QuestionID], [OptionText], [IsCorrect]) VALUES (1463, 362, N'Khái niệm C', 0);
INSERT INTO [QuestionOptions] ([OptionID], [QuestionID], [OptionText], [IsCorrect]) VALUES (1464, 362, N'Khái niệm D', 0);
INSERT INTO [QuestionOptions] ([OptionID], [QuestionID], [OptionText], [IsCorrect]) VALUES (1465, 363, N'quản lý', 1);
INSERT INTO [QuestionOptions] ([OptionID], [QuestionID], [OptionText], [IsCorrect]) VALUES (1466, 365, N'Khái niệm A', 0);
INSERT INTO [QuestionOptions] ([OptionID], [QuestionID], [OptionText], [IsCorrect]) VALUES (1467, 365, N'Khái niệm B (Đúng)', 1);
INSERT INTO [QuestionOptions] ([OptionID], [QuestionID], [OptionText], [IsCorrect]) VALUES (1468, 365, N'Khái niệm C', 0);
INSERT INTO [QuestionOptions] ([OptionID], [QuestionID], [OptionText], [IsCorrect]) VALUES (1469, 365, N'Khái niệm D', 0);
INSERT INTO [QuestionOptions] ([OptionID], [QuestionID], [OptionText], [IsCorrect]) VALUES (1470, 366, N'quản lý', 1);
INSERT INTO [QuestionOptions] ([OptionID], [QuestionID], [OptionText], [IsCorrect]) VALUES (1471, 368, N'Định nghĩa A', 0);
INSERT INTO [QuestionOptions] ([OptionID], [QuestionID], [OptionText], [IsCorrect]) VALUES (1472, 368, N'Định nghĩa B (Đúng)', 1);
INSERT INTO [QuestionOptions] ([OptionID], [QuestionID], [OptionText], [IsCorrect]) VALUES (1473, 368, N'Định nghĩa C', 0);
INSERT INTO [QuestionOptions] ([OptionID], [QuestionID], [OptionText], [IsCorrect]) VALUES (1474, 368, N'Định nghĩa D', 0);
INSERT INTO [QuestionOptions] ([OptionID], [QuestionID], [OptionText], [IsCorrect]) VALUES (1475, 369, N'Tăng doanh thu', 0);
INSERT INTO [QuestionOptions] ([OptionID], [QuestionID], [OptionText], [IsCorrect]) VALUES (1476, 369, N'Giảm chi phí', 0);
INSERT INTO [QuestionOptions] ([OptionID], [QuestionID], [OptionText], [IsCorrect]) VALUES (1477, 369, N'Tối ưu hóa quy trình', 0);
INSERT INTO [QuestionOptions] ([OptionID], [QuestionID], [OptionText], [IsCorrect]) VALUES (1478, 369, N'Tất cả các ý trên', 1);
INSERT INTO [QuestionOptions] ([OptionID], [QuestionID], [OptionText], [IsCorrect]) VALUES (1479, 370, N'Khái niệm A', 0);
INSERT INTO [QuestionOptions] ([OptionID], [QuestionID], [OptionText], [IsCorrect]) VALUES (1480, 370, N'Khái niệm B (Đúng)', 1);
INSERT INTO [QuestionOptions] ([OptionID], [QuestionID], [OptionText], [IsCorrect]) VALUES (1481, 370, N'Khái niệm C', 0);
INSERT INTO [QuestionOptions] ([OptionID], [QuestionID], [OptionText], [IsCorrect]) VALUES (1482, 370, N'Khái niệm D', 0);
INSERT INTO [QuestionOptions] ([OptionID], [QuestionID], [OptionText], [IsCorrect]) VALUES (1483, 371, N'quản lý', 1);
INSERT INTO [QuestionOptions] ([OptionID], [QuestionID], [OptionText], [IsCorrect]) VALUES (1484, 373, N'Khái niệm A', 0);
INSERT INTO [QuestionOptions] ([OptionID], [QuestionID], [OptionText], [IsCorrect]) VALUES (1485, 373, N'Khái niệm B (Đúng)', 1);
INSERT INTO [QuestionOptions] ([OptionID], [QuestionID], [OptionText], [IsCorrect]) VALUES (1486, 373, N'Khái niệm C', 0);
INSERT INTO [QuestionOptions] ([OptionID], [QuestionID], [OptionText], [IsCorrect]) VALUES (1487, 373, N'Khái niệm D', 0);
INSERT INTO [QuestionOptions] ([OptionID], [QuestionID], [OptionText], [IsCorrect]) VALUES (1488, 374, N'quản lý', 1);
INSERT INTO [QuestionOptions] ([OptionID], [QuestionID], [OptionText], [IsCorrect]) VALUES (1489, 376, N'Thành phố Hồ Chí Minh', 0);
INSERT INTO [QuestionOptions] ([OptionID], [QuestionID], [OptionText], [IsCorrect]) VALUES (1490, 376, N'Hà Nội', 1);
INSERT INTO [QuestionOptions] ([OptionID], [QuestionID], [OptionText], [IsCorrect]) VALUES (1491, 376, N'Đà Nẵng', 0);
INSERT INTO [QuestionOptions] ([OptionID], [QuestionID], [OptionText], [IsCorrect]) VALUES (1492, 376, N'Hải Phòng', 0);
INSERT INTO [QuestionOptions] ([OptionID], [QuestionID], [OptionText], [IsCorrect]) VALUES (1493, 377, N'C++', 1);
INSERT INTO [QuestionOptions] ([OptionID], [QuestionID], [OptionText], [IsCorrect]) VALUES (1494, 377, N'JavaScript (Sai - Thông dịch)', 0);
INSERT INTO [QuestionOptions] ([OptionID], [QuestionID], [OptionText], [IsCorrect]) VALUES (1495, 377, N'C# (Đúng - Biên dịch sang IL)', 1);
INSERT INTO [QuestionOptions] ([OptionID], [QuestionID], [OptionText], [IsCorrect]) VALUES (1496, 377, N'HTML (Sai - Ngôn ngữ đánh dấu)', 0);
INSERT INTO [QuestionOptions] ([OptionID], [QuestionID], [OptionText], [IsCorrect]) VALUES (1497, 378, N'Controller', 1);
INSERT INTO [QuestionOptions] ([OptionID], [QuestionID], [OptionText], [IsCorrect]) VALUES (1498, 380, N'Thành phố Hồ Chí Minh', 0);
INSERT INTO [QuestionOptions] ([OptionID], [QuestionID], [OptionText], [IsCorrect]) VALUES (1499, 380, N'Hà Nội', 1);
INSERT INTO [QuestionOptions] ([OptionID], [QuestionID], [OptionText], [IsCorrect]) VALUES (1500, 380, N'Đà Nẵng', 0);
INSERT INTO [QuestionOptions] ([OptionID], [QuestionID], [OptionText], [IsCorrect]) VALUES (1501, 380, N'Hải Phòng', 0);
INSERT INTO [QuestionOptions] ([OptionID], [QuestionID], [OptionText], [IsCorrect]) VALUES (1502, 381, N'C++', 1);
INSERT INTO [QuestionOptions] ([OptionID], [QuestionID], [OptionText], [IsCorrect]) VALUES (1503, 381, N'JavaScript (Sai - Thông dịch)', 0);
INSERT INTO [QuestionOptions] ([OptionID], [QuestionID], [OptionText], [IsCorrect]) VALUES (1504, 381, N'C# (Đúng - Biên dịch sang IL)', 1);
INSERT INTO [QuestionOptions] ([OptionID], [QuestionID], [OptionText], [IsCorrect]) VALUES (1505, 381, N'HTML (Sai - Ngôn ngữ đánh dấu)', 0);
INSERT INTO [QuestionOptions] ([OptionID], [QuestionID], [OptionText], [IsCorrect]) VALUES (1506, 382, N'Controller', 1);
INSERT INTO [QuestionOptions] ([OptionID], [QuestionID], [OptionText], [IsCorrect]) VALUES (1507, 384, N'Thành phố Hồ Chí Minh', 0);
INSERT INTO [QuestionOptions] ([OptionID], [QuestionID], [OptionText], [IsCorrect]) VALUES (1508, 384, N'Hà Nội', 1);
INSERT INTO [QuestionOptions] ([OptionID], [QuestionID], [OptionText], [IsCorrect]) VALUES (1509, 384, N'Đà Nẵng', 0);
INSERT INTO [QuestionOptions] ([OptionID], [QuestionID], [OptionText], [IsCorrect]) VALUES (1510, 384, N'Hải Phòng', 0);
INSERT INTO [QuestionOptions] ([OptionID], [QuestionID], [OptionText], [IsCorrect]) VALUES (1511, 385, N'C++', 1);
INSERT INTO [QuestionOptions] ([OptionID], [QuestionID], [OptionText], [IsCorrect]) VALUES (1512, 385, N'JavaScript (Sai - Thông dịch)', 0);
INSERT INTO [QuestionOptions] ([OptionID], [QuestionID], [OptionText], [IsCorrect]) VALUES (1513, 385, N'C# (Đúng - Biên dịch sang IL)', 1);
INSERT INTO [QuestionOptions] ([OptionID], [QuestionID], [OptionText], [IsCorrect]) VALUES (1514, 385, N'HTML (Sai - Ngôn ngữ đánh dấu)', 0);
INSERT INTO [QuestionOptions] ([OptionID], [QuestionID], [OptionText], [IsCorrect]) VALUES (1515, 386, N'Controller', 1);
INSERT INTO [QuestionOptions] ([OptionID], [QuestionID], [OptionText], [IsCorrect]) VALUES (1516, 388, N'Thành phố Hồ Chí Minh', 0);
INSERT INTO [QuestionOptions] ([OptionID], [QuestionID], [OptionText], [IsCorrect]) VALUES (1517, 388, N'Hà Nội', 1);
INSERT INTO [QuestionOptions] ([OptionID], [QuestionID], [OptionText], [IsCorrect]) VALUES (1518, 388, N'Đà Nẵng', 0);
INSERT INTO [QuestionOptions] ([OptionID], [QuestionID], [OptionText], [IsCorrect]) VALUES (1519, 388, N'Hải Phòng', 0);
INSERT INTO [QuestionOptions] ([OptionID], [QuestionID], [OptionText], [IsCorrect]) VALUES (1520, 389, N'C++', 1);
INSERT INTO [QuestionOptions] ([OptionID], [QuestionID], [OptionText], [IsCorrect]) VALUES (1521, 389, N'JavaScript (Sai - Thông dịch)', 0);
INSERT INTO [QuestionOptions] ([OptionID], [QuestionID], [OptionText], [IsCorrect]) VALUES (1522, 389, N'C# (Đúng - Biên dịch sang IL)', 1);
INSERT INTO [QuestionOptions] ([OptionID], [QuestionID], [OptionText], [IsCorrect]) VALUES (1523, 389, N'HTML (Sai - Ngôn ngữ đánh dấu)', 0);
INSERT INTO [QuestionOptions] ([OptionID], [QuestionID], [OptionText], [IsCorrect]) VALUES (1524, 390, N'Controller', 1);
INSERT INTO [QuestionOptions] ([OptionID], [QuestionID], [OptionText], [IsCorrect]) VALUES (1525, 392, N'Thành phố Hồ Chí Minh', 0);
INSERT INTO [QuestionOptions] ([OptionID], [QuestionID], [OptionText], [IsCorrect]) VALUES (1526, 392, N'Hà Nội', 1);
INSERT INTO [QuestionOptions] ([OptionID], [QuestionID], [OptionText], [IsCorrect]) VALUES (1527, 392, N'Đà Nẵng', 0);
INSERT INTO [QuestionOptions] ([OptionID], [QuestionID], [OptionText], [IsCorrect]) VALUES (1528, 392, N'Hải Phòng', 0);
INSERT INTO [QuestionOptions] ([OptionID], [QuestionID], [OptionText], [IsCorrect]) VALUES (1529, 393, N'C++', 1);
INSERT INTO [QuestionOptions] ([OptionID], [QuestionID], [OptionText], [IsCorrect]) VALUES (1530, 393, N'JavaScript (Sai - Thông dịch)', 0);
INSERT INTO [QuestionOptions] ([OptionID], [QuestionID], [OptionText], [IsCorrect]) VALUES (1531, 393, N'C# (Đúng - Biên dịch sang IL)', 1);
INSERT INTO [QuestionOptions] ([OptionID], [QuestionID], [OptionText], [IsCorrect]) VALUES (1532, 393, N'HTML (Sai - Ngôn ngữ đánh dấu)', 0);
INSERT INTO [QuestionOptions] ([OptionID], [QuestionID], [OptionText], [IsCorrect]) VALUES (1533, 394, N'Controller', 1);
INSERT INTO [QuestionOptions] ([OptionID], [QuestionID], [OptionText], [IsCorrect]) VALUES (1543, 400, N'Thành phố Hồ Chí Minh', 0);
INSERT INTO [QuestionOptions] ([OptionID], [QuestionID], [OptionText], [IsCorrect]) VALUES (1544, 400, N'Hà Nội', 1);
INSERT INTO [QuestionOptions] ([OptionID], [QuestionID], [OptionText], [IsCorrect]) VALUES (1545, 400, N'Đà Nẵng', 0);
INSERT INTO [QuestionOptions] ([OptionID], [QuestionID], [OptionText], [IsCorrect]) VALUES (1546, 400, N'Hải Phòng', 0);
INSERT INTO [QuestionOptions] ([OptionID], [QuestionID], [OptionText], [IsCorrect]) VALUES (1547, 401, N'C++', 1);
INSERT INTO [QuestionOptions] ([OptionID], [QuestionID], [OptionText], [IsCorrect]) VALUES (1548, 401, N'JavaScript (Sai - Thông dịch)', 0);
INSERT INTO [QuestionOptions] ([OptionID], [QuestionID], [OptionText], [IsCorrect]) VALUES (1549, 401, N'C# (Đúng - Biên dịch sang IL)', 1);
INSERT INTO [QuestionOptions] ([OptionID], [QuestionID], [OptionText], [IsCorrect]) VALUES (1550, 401, N'HTML (Sai - Ngôn ngữ đánh dấu)', 0);
INSERT INTO [QuestionOptions] ([OptionID], [QuestionID], [OptionText], [IsCorrect]) VALUES (1551, 402, N'Controller', 1);
INSERT INTO [QuestionOptions] ([OptionID], [QuestionID], [OptionText], [IsCorrect]) VALUES (1552, 404, N'Thành phố Hồ Chí Minh', 0);
INSERT INTO [QuestionOptions] ([OptionID], [QuestionID], [OptionText], [IsCorrect]) VALUES (1553, 404, N'Hà Nội', 1);
INSERT INTO [QuestionOptions] ([OptionID], [QuestionID], [OptionText], [IsCorrect]) VALUES (1554, 404, N'Đà Nẵng', 0);
INSERT INTO [QuestionOptions] ([OptionID], [QuestionID], [OptionText], [IsCorrect]) VALUES (1555, 404, N'Hải Phòng', 0);
INSERT INTO [QuestionOptions] ([OptionID], [QuestionID], [OptionText], [IsCorrect]) VALUES (1556, 405, N'C++', 1);
INSERT INTO [QuestionOptions] ([OptionID], [QuestionID], [OptionText], [IsCorrect]) VALUES (1557, 405, N'JavaScript (Sai - Thông dịch)', 0);
INSERT INTO [QuestionOptions] ([OptionID], [QuestionID], [OptionText], [IsCorrect]) VALUES (1558, 405, N'C# (Đúng - Biên dịch sang IL)', 1);
INSERT INTO [QuestionOptions] ([OptionID], [QuestionID], [OptionText], [IsCorrect]) VALUES (1559, 405, N'HTML (Sai - Ngôn ngữ đánh dấu)', 0);
INSERT INTO [QuestionOptions] ([OptionID], [QuestionID], [OptionText], [IsCorrect]) VALUES (1560, 406, N'Controller', 1);
INSERT INTO [QuestionOptions] ([OptionID], [QuestionID], [OptionText], [IsCorrect]) VALUES (1561, 408, N'Khái niệm A', 0);
INSERT INTO [QuestionOptions] ([OptionID], [QuestionID], [OptionText], [IsCorrect]) VALUES (1562, 408, N'Khái niệm B (Đúng)', 1);
INSERT INTO [QuestionOptions] ([OptionID], [QuestionID], [OptionText], [IsCorrect]) VALUES (1563, 408, N'Khái niệm C', 0);
INSERT INTO [QuestionOptions] ([OptionID], [QuestionID], [OptionText], [IsCorrect]) VALUES (1564, 408, N'Khái niệm D', 0);
INSERT INTO [QuestionOptions] ([OptionID], [QuestionID], [OptionText], [IsCorrect]) VALUES (1565, 409, N'quản lý', 1);
INSERT INTO [QuestionOptions] ([OptionID], [QuestionID], [OptionText], [IsCorrect]) VALUES (1566, 411, N'Khái niệm A', 0);
INSERT INTO [QuestionOptions] ([OptionID], [QuestionID], [OptionText], [IsCorrect]) VALUES (1567, 411, N'Khái niệm B (Đúng)', 1);
INSERT INTO [QuestionOptions] ([OptionID], [QuestionID], [OptionText], [IsCorrect]) VALUES (1568, 411, N'Khái niệm C', 0);
INSERT INTO [QuestionOptions] ([OptionID], [QuestionID], [OptionText], [IsCorrect]) VALUES (1569, 411, N'Khái niệm D', 0);
INSERT INTO [QuestionOptions] ([OptionID], [QuestionID], [OptionText], [IsCorrect]) VALUES (1570, 412, N'quản lý', 1);
INSERT INTO [QuestionOptions] ([OptionID], [QuestionID], [OptionText], [IsCorrect]) VALUES (1571, 414, N'Khái niệm A', 0);
INSERT INTO [QuestionOptions] ([OptionID], [QuestionID], [OptionText], [IsCorrect]) VALUES (1572, 414, N'Khái niệm B (Đúng)', 1);
INSERT INTO [QuestionOptions] ([OptionID], [QuestionID], [OptionText], [IsCorrect]) VALUES (1573, 414, N'Khái niệm C', 0);
INSERT INTO [QuestionOptions] ([OptionID], [QuestionID], [OptionText], [IsCorrect]) VALUES (1574, 414, N'Khái niệm D', 0);
INSERT INTO [QuestionOptions] ([OptionID], [QuestionID], [OptionText], [IsCorrect]) VALUES (1575, 415, N'quản lý', 1);
INSERT INTO [QuestionOptions] ([OptionID], [QuestionID], [OptionText], [IsCorrect]) VALUES (1576, 417, N'Khái niệm A', 0);
INSERT INTO [QuestionOptions] ([OptionID], [QuestionID], [OptionText], [IsCorrect]) VALUES (1577, 417, N'Khái niệm B (Đúng)', 1);
INSERT INTO [QuestionOptions] ([OptionID], [QuestionID], [OptionText], [IsCorrect]) VALUES (1578, 417, N'Khái niệm C', 0);
INSERT INTO [QuestionOptions] ([OptionID], [QuestionID], [OptionText], [IsCorrect]) VALUES (1579, 417, N'Khái niệm D', 0);
INSERT INTO [QuestionOptions] ([OptionID], [QuestionID], [OptionText], [IsCorrect]) VALUES (1580, 418, N'quản lý', 1);
INSERT INTO [QuestionOptions] ([OptionID], [QuestionID], [OptionText], [IsCorrect]) VALUES (1581, 420, N'Khái niệm A', 0);
INSERT INTO [QuestionOptions] ([OptionID], [QuestionID], [OptionText], [IsCorrect]) VALUES (1582, 420, N'Khái niệm B (Đúng)', 1);
INSERT INTO [QuestionOptions] ([OptionID], [QuestionID], [OptionText], [IsCorrect]) VALUES (1583, 420, N'Khái niệm C', 0);
INSERT INTO [QuestionOptions] ([OptionID], [QuestionID], [OptionText], [IsCorrect]) VALUES (1584, 420, N'Khái niệm D', 0);
INSERT INTO [QuestionOptions] ([OptionID], [QuestionID], [OptionText], [IsCorrect]) VALUES (1585, 421, N'quản lý', 1);
INSERT INTO [QuestionOptions] ([OptionID], [QuestionID], [OptionText], [IsCorrect]) VALUES (1586, 423, N'Khái niệm A', 0);
INSERT INTO [QuestionOptions] ([OptionID], [QuestionID], [OptionText], [IsCorrect]) VALUES (1587, 423, N'Khái niệm B (Đúng)', 1);
INSERT INTO [QuestionOptions] ([OptionID], [QuestionID], [OptionText], [IsCorrect]) VALUES (1588, 423, N'Khái niệm C', 0);
INSERT INTO [QuestionOptions] ([OptionID], [QuestionID], [OptionText], [IsCorrect]) VALUES (1589, 423, N'Khái niệm D', 0);
INSERT INTO [QuestionOptions] ([OptionID], [QuestionID], [OptionText], [IsCorrect]) VALUES (1590, 424, N'quản lý', 1);
INSERT INTO [QuestionOptions] ([OptionID], [QuestionID], [OptionText], [IsCorrect]) VALUES (1591, 426, N'Khái niệm A', 0);
INSERT INTO [QuestionOptions] ([OptionID], [QuestionID], [OptionText], [IsCorrect]) VALUES (1592, 426, N'Khái niệm B (Đúng)', 1);
INSERT INTO [QuestionOptions] ([OptionID], [QuestionID], [OptionText], [IsCorrect]) VALUES (1593, 426, N'Khái niệm C', 0);
INSERT INTO [QuestionOptions] ([OptionID], [QuestionID], [OptionText], [IsCorrect]) VALUES (1594, 426, N'Khái niệm D', 0);
INSERT INTO [QuestionOptions] ([OptionID], [QuestionID], [OptionText], [IsCorrect]) VALUES (1595, 427, N'quản lý', 1);
INSERT INTO [QuestionOptions] ([OptionID], [QuestionID], [OptionText], [IsCorrect]) VALUES (1596, 429, N'Khái niệm A', 0);
INSERT INTO [QuestionOptions] ([OptionID], [QuestionID], [OptionText], [IsCorrect]) VALUES (1597, 429, N'Khái niệm B (Đúng)', 1);
INSERT INTO [QuestionOptions] ([OptionID], [QuestionID], [OptionText], [IsCorrect]) VALUES (1598, 429, N'Khái niệm C', 0);
INSERT INTO [QuestionOptions] ([OptionID], [QuestionID], [OptionText], [IsCorrect]) VALUES (1599, 429, N'Khái niệm D', 0);
INSERT INTO [QuestionOptions] ([OptionID], [QuestionID], [OptionText], [IsCorrect]) VALUES (1600, 430, N'quản lý', 1);
INSERT INTO [QuestionOptions] ([OptionID], [QuestionID], [OptionText], [IsCorrect]) VALUES (1601, 432, N'Thành phố Hồ Chí Minh', 0);
INSERT INTO [QuestionOptions] ([OptionID], [QuestionID], [OptionText], [IsCorrect]) VALUES (1602, 432, N'Hà Nội', 1);
INSERT INTO [QuestionOptions] ([OptionID], [QuestionID], [OptionText], [IsCorrect]) VALUES (1603, 432, N'Đà Nẵng', 0);
INSERT INTO [QuestionOptions] ([OptionID], [QuestionID], [OptionText], [IsCorrect]) VALUES (1604, 432, N'Hải Phòng', 0);
INSERT INTO [QuestionOptions] ([OptionID], [QuestionID], [OptionText], [IsCorrect]) VALUES (1605, 433, N'C++', 1);
INSERT INTO [QuestionOptions] ([OptionID], [QuestionID], [OptionText], [IsCorrect]) VALUES (1606, 433, N'JavaScript (Sai - Thông dịch)', 0);
INSERT INTO [QuestionOptions] ([OptionID], [QuestionID], [OptionText], [IsCorrect]) VALUES (1607, 433, N'C# (Đúng - Biên dịch sang IL)', 1);
INSERT INTO [QuestionOptions] ([OptionID], [QuestionID], [OptionText], [IsCorrect]) VALUES (1608, 433, N'HTML (Sai - Ngôn ngữ đánh dấu)', 0);
INSERT INTO [QuestionOptions] ([OptionID], [QuestionID], [OptionText], [IsCorrect]) VALUES (1609, 434, N'Controller', 1);
INSERT INTO [QuestionOptions] ([OptionID], [QuestionID], [OptionText], [IsCorrect]) VALUES (1610, 436, N'Thành phố Hồ Chí Minh', 0);
INSERT INTO [QuestionOptions] ([OptionID], [QuestionID], [OptionText], [IsCorrect]) VALUES (1611, 436, N'Hà Nội', 1);
INSERT INTO [QuestionOptions] ([OptionID], [QuestionID], [OptionText], [IsCorrect]) VALUES (1612, 436, N'Đà Nẵng', 0);
INSERT INTO [QuestionOptions] ([OptionID], [QuestionID], [OptionText], [IsCorrect]) VALUES (1613, 436, N'Hải Phòng', 0);
INSERT INTO [QuestionOptions] ([OptionID], [QuestionID], [OptionText], [IsCorrect]) VALUES (1614, 437, N'C++', 1);
INSERT INTO [QuestionOptions] ([OptionID], [QuestionID], [OptionText], [IsCorrect]) VALUES (1615, 437, N'JavaScript (Sai - Thông dịch)', 0);
INSERT INTO [QuestionOptions] ([OptionID], [QuestionID], [OptionText], [IsCorrect]) VALUES (1616, 437, N'C# (Đúng - Biên dịch sang IL)', 1);
INSERT INTO [QuestionOptions] ([OptionID], [QuestionID], [OptionText], [IsCorrect]) VALUES (1617, 437, N'HTML (Sai - Ngôn ngữ đánh dấu)', 0);
INSERT INTO [QuestionOptions] ([OptionID], [QuestionID], [OptionText], [IsCorrect]) VALUES (1618, 438, N'Controller', 1);
INSERT INTO [QuestionOptions] ([OptionID], [QuestionID], [OptionText], [IsCorrect]) VALUES (1619, 440, N'Khái niệm A', 0);
INSERT INTO [QuestionOptions] ([OptionID], [QuestionID], [OptionText], [IsCorrect]) VALUES (1620, 440, N'Khái niệm B (Đúng)', 1);
INSERT INTO [QuestionOptions] ([OptionID], [QuestionID], [OptionText], [IsCorrect]) VALUES (1621, 440, N'Khái niệm C', 0);
INSERT INTO [QuestionOptions] ([OptionID], [QuestionID], [OptionText], [IsCorrect]) VALUES (1622, 440, N'Khái niệm D', 0);
INSERT INTO [QuestionOptions] ([OptionID], [QuestionID], [OptionText], [IsCorrect]) VALUES (1623, 441, N'quản lý', 1);
INSERT INTO [QuestionOptions] ([OptionID], [QuestionID], [OptionText], [IsCorrect]) VALUES (1624, 443, N'Khái niệm A', 0);
INSERT INTO [QuestionOptions] ([OptionID], [QuestionID], [OptionText], [IsCorrect]) VALUES (1625, 443, N'Khái niệm B (Đúng)', 1);
INSERT INTO [QuestionOptions] ([OptionID], [QuestionID], [OptionText], [IsCorrect]) VALUES (1626, 443, N'Khái niệm C', 0);
INSERT INTO [QuestionOptions] ([OptionID], [QuestionID], [OptionText], [IsCorrect]) VALUES (1627, 443, N'Khái niệm D', 0);
INSERT INTO [QuestionOptions] ([OptionID], [QuestionID], [OptionText], [IsCorrect]) VALUES (1628, 444, N'quản lý', 1);
INSERT INTO [QuestionOptions] ([OptionID], [QuestionID], [OptionText], [IsCorrect]) VALUES (1629, 446, N'Khái niệm A', 0);
INSERT INTO [QuestionOptions] ([OptionID], [QuestionID], [OptionText], [IsCorrect]) VALUES (1630, 446, N'Khái niệm B (Đúng)', 1);
INSERT INTO [QuestionOptions] ([OptionID], [QuestionID], [OptionText], [IsCorrect]) VALUES (1631, 446, N'Khái niệm C', 0);
INSERT INTO [QuestionOptions] ([OptionID], [QuestionID], [OptionText], [IsCorrect]) VALUES (1632, 446, N'Khái niệm D', 0);
INSERT INTO [QuestionOptions] ([OptionID], [QuestionID], [OptionText], [IsCorrect]) VALUES (1633, 447, N'quản lý', 1);
INSERT INTO [QuestionOptions] ([OptionID], [QuestionID], [OptionText], [IsCorrect]) VALUES (1634, 449, N'Khái niệm A', 0);
INSERT INTO [QuestionOptions] ([OptionID], [QuestionID], [OptionText], [IsCorrect]) VALUES (1635, 449, N'Khái niệm B (Đúng)', 1);
INSERT INTO [QuestionOptions] ([OptionID], [QuestionID], [OptionText], [IsCorrect]) VALUES (1636, 449, N'Khái niệm C', 0);
INSERT INTO [QuestionOptions] ([OptionID], [QuestionID], [OptionText], [IsCorrect]) VALUES (1637, 449, N'Khái niệm D', 0);
INSERT INTO [QuestionOptions] ([OptionID], [QuestionID], [OptionText], [IsCorrect]) VALUES (1638, 450, N'quản lý', 1);
INSERT INTO [QuestionOptions] ([OptionID], [QuestionID], [OptionText], [IsCorrect]) VALUES (1639, 452, N'Khái niệm A', 0);
INSERT INTO [QuestionOptions] ([OptionID], [QuestionID], [OptionText], [IsCorrect]) VALUES (1640, 452, N'Khái niệm B (Đúng)', 1);
INSERT INTO [QuestionOptions] ([OptionID], [QuestionID], [OptionText], [IsCorrect]) VALUES (1641, 452, N'Khái niệm C', 0);
INSERT INTO [QuestionOptions] ([OptionID], [QuestionID], [OptionText], [IsCorrect]) VALUES (1642, 452, N'Khái niệm D', 0);
INSERT INTO [QuestionOptions] ([OptionID], [QuestionID], [OptionText], [IsCorrect]) VALUES (1643, 453, N'quản lý', 1);
INSERT INTO [QuestionOptions] ([OptionID], [QuestionID], [OptionText], [IsCorrect]) VALUES (1644, 455, N'Khái niệm A', 0);
INSERT INTO [QuestionOptions] ([OptionID], [QuestionID], [OptionText], [IsCorrect]) VALUES (1645, 455, N'Khái niệm B (Đúng)', 1);
INSERT INTO [QuestionOptions] ([OptionID], [QuestionID], [OptionText], [IsCorrect]) VALUES (1646, 455, N'Khái niệm C', 0);
INSERT INTO [QuestionOptions] ([OptionID], [QuestionID], [OptionText], [IsCorrect]) VALUES (1647, 455, N'Khái niệm D', 0);
INSERT INTO [QuestionOptions] ([OptionID], [QuestionID], [OptionText], [IsCorrect]) VALUES (1648, 456, N'quản lý', 1);
INSERT INTO [QuestionOptions] ([OptionID], [QuestionID], [OptionText], [IsCorrect]) VALUES (1649, 458, N'Khái niệm A', 0);
INSERT INTO [QuestionOptions] ([OptionID], [QuestionID], [OptionText], [IsCorrect]) VALUES (1650, 458, N'Khái niệm B (Đúng)', 0);
INSERT INTO [QuestionOptions] ([OptionID], [QuestionID], [OptionText], [IsCorrect]) VALUES (1651, 458, N'Khái niệm C', 0);
INSERT INTO [QuestionOptions] ([OptionID], [QuestionID], [OptionText], [IsCorrect]) VALUES (1652, 458, N'Khái niệm D', 0);
INSERT INTO [QuestionOptions] ([OptionID], [QuestionID], [OptionText], [IsCorrect]) VALUES (1653, 459, N'quản lý', 0);
INSERT INTO [QuestionOptions] ([OptionID], [QuestionID], [OptionText], [IsCorrect]) VALUES (1654, 461, N'Khái niệm A', 0);
INSERT INTO [QuestionOptions] ([OptionID], [QuestionID], [OptionText], [IsCorrect]) VALUES (1655, 461, N'Khái niệm B (Đúng)', 0);
INSERT INTO [QuestionOptions] ([OptionID], [QuestionID], [OptionText], [IsCorrect]) VALUES (1656, 461, N'Khái niệm C', 0);
INSERT INTO [QuestionOptions] ([OptionID], [QuestionID], [OptionText], [IsCorrect]) VALUES (1657, 461, N'Khái niệm D', 0);
INSERT INTO [QuestionOptions] ([OptionID], [QuestionID], [OptionText], [IsCorrect]) VALUES (1658, 462, N'quản lý', 0);
INSERT INTO [QuestionOptions] ([OptionID], [QuestionID], [OptionText], [IsCorrect]) VALUES (1659, 464, N'Khái niệm A', 0);
INSERT INTO [QuestionOptions] ([OptionID], [QuestionID], [OptionText], [IsCorrect]) VALUES (1660, 464, N'Khái niệm B (Đúng)', 0);
INSERT INTO [QuestionOptions] ([OptionID], [QuestionID], [OptionText], [IsCorrect]) VALUES (1661, 464, N'Khái niệm C', 0);
INSERT INTO [QuestionOptions] ([OptionID], [QuestionID], [OptionText], [IsCorrect]) VALUES (1662, 464, N'Khái niệm D', 0);
INSERT INTO [QuestionOptions] ([OptionID], [QuestionID], [OptionText], [IsCorrect]) VALUES (1663, 465, N'quản lý', 0);
INSERT INTO [QuestionOptions] ([OptionID], [QuestionID], [OptionText], [IsCorrect]) VALUES (1664, 467, N'Khái niệm A', 0);
INSERT INTO [QuestionOptions] ([OptionID], [QuestionID], [OptionText], [IsCorrect]) VALUES (1665, 467, N'Khái niệm B (Đúng)', 0);
INSERT INTO [QuestionOptions] ([OptionID], [QuestionID], [OptionText], [IsCorrect]) VALUES (1666, 467, N'Khái niệm C', 0);
INSERT INTO [QuestionOptions] ([OptionID], [QuestionID], [OptionText], [IsCorrect]) VALUES (1667, 467, N'Khái niệm D', 0);
INSERT INTO [QuestionOptions] ([OptionID], [QuestionID], [OptionText], [IsCorrect]) VALUES (1668, 468, N'quản lý', 0);
INSERT INTO [QuestionOptions] ([OptionID], [QuestionID], [OptionText], [IsCorrect]) VALUES (1669, 470, N'Khái niệm A', 0);
INSERT INTO [QuestionOptions] ([OptionID], [QuestionID], [OptionText], [IsCorrect]) VALUES (1670, 470, N'Khái niệm B (Đúng)', 0);
INSERT INTO [QuestionOptions] ([OptionID], [QuestionID], [OptionText], [IsCorrect]) VALUES (1671, 470, N'Khái niệm C', 0);
INSERT INTO [QuestionOptions] ([OptionID], [QuestionID], [OptionText], [IsCorrect]) VALUES (1672, 470, N'Khái niệm D', 0);
INSERT INTO [QuestionOptions] ([OptionID], [QuestionID], [OptionText], [IsCorrect]) VALUES (1673, 471, N'quản lý', 0);
INSERT INTO [QuestionOptions] ([OptionID], [QuestionID], [OptionText], [IsCorrect]) VALUES (1674, 473, N'Khái niệm A', 0);
INSERT INTO [QuestionOptions] ([OptionID], [QuestionID], [OptionText], [IsCorrect]) VALUES (1675, 473, N'Khái niệm B (Đúng)', 0);
INSERT INTO [QuestionOptions] ([OptionID], [QuestionID], [OptionText], [IsCorrect]) VALUES (1676, 473, N'Khái niệm C', 0);
INSERT INTO [QuestionOptions] ([OptionID], [QuestionID], [OptionText], [IsCorrect]) VALUES (1677, 473, N'Khái niệm D', 0);
INSERT INTO [QuestionOptions] ([OptionID], [QuestionID], [OptionText], [IsCorrect]) VALUES (1678, 474, N'quản lý', 0);
INSERT INTO [QuestionOptions] ([OptionID], [QuestionID], [OptionText], [IsCorrect]) VALUES (1679, 476, N'Khái niệm A', 0);
INSERT INTO [QuestionOptions] ([OptionID], [QuestionID], [OptionText], [IsCorrect]) VALUES (1680, 476, N'Khái niệm B (Đúng)', 1);
INSERT INTO [QuestionOptions] ([OptionID], [QuestionID], [OptionText], [IsCorrect]) VALUES (1681, 476, N'Khái niệm C', 0);
INSERT INTO [QuestionOptions] ([OptionID], [QuestionID], [OptionText], [IsCorrect]) VALUES (1682, 476, N'Khái niệm D', 0);
INSERT INTO [QuestionOptions] ([OptionID], [QuestionID], [OptionText], [IsCorrect]) VALUES (1683, 477, N'quản lý', 1);
INSERT INTO [QuestionOptions] ([OptionID], [QuestionID], [OptionText], [IsCorrect]) VALUES (1684, 479, N'Khái niệm A', 0);
INSERT INTO [QuestionOptions] ([OptionID], [QuestionID], [OptionText], [IsCorrect]) VALUES (1685, 479, N'Khái niệm B (Đúng)', 1);
INSERT INTO [QuestionOptions] ([OptionID], [QuestionID], [OptionText], [IsCorrect]) VALUES (1686, 479, N'Khái niệm C', 0);
INSERT INTO [QuestionOptions] ([OptionID], [QuestionID], [OptionText], [IsCorrect]) VALUES (1687, 479, N'Khái niệm D', 0);
INSERT INTO [QuestionOptions] ([OptionID], [QuestionID], [OptionText], [IsCorrect]) VALUES (1688, 480, N'quản lý', 1);
INSERT INTO [QuestionOptions] ([OptionID], [QuestionID], [OptionText], [IsCorrect]) VALUES (1689, 482, N'Khái niệm A', 0);
INSERT INTO [QuestionOptions] ([OptionID], [QuestionID], [OptionText], [IsCorrect]) VALUES (1690, 482, N'Khái niệm B (Đúng)', 0);
INSERT INTO [QuestionOptions] ([OptionID], [QuestionID], [OptionText], [IsCorrect]) VALUES (1691, 482, N'Khái niệm C', 0);
INSERT INTO [QuestionOptions] ([OptionID], [QuestionID], [OptionText], [IsCorrect]) VALUES (1692, 482, N'Khái niệm D', 0);
INSERT INTO [QuestionOptions] ([OptionID], [QuestionID], [OptionText], [IsCorrect]) VALUES (1693, 483, N'quản lý', 0);
INSERT INTO [QuestionOptions] ([OptionID], [QuestionID], [OptionText], [IsCorrect]) VALUES (1694, 485, N'Khái niệm A', 0);
INSERT INTO [QuestionOptions] ([OptionID], [QuestionID], [OptionText], [IsCorrect]) VALUES (1695, 485, N'Khái niệm B (Đúng)', 0);
INSERT INTO [QuestionOptions] ([OptionID], [QuestionID], [OptionText], [IsCorrect]) VALUES (1696, 485, N'Khái niệm C', 0);
INSERT INTO [QuestionOptions] ([OptionID], [QuestionID], [OptionText], [IsCorrect]) VALUES (1697, 485, N'Khái niệm D', 0);
INSERT INTO [QuestionOptions] ([OptionID], [QuestionID], [OptionText], [IsCorrect]) VALUES (1698, 486, N'quản lý', 0);
INSERT INTO [QuestionOptions] ([OptionID], [QuestionID], [OptionText], [IsCorrect]) VALUES (1699, 488, N'Khái niệm A', 0);
INSERT INTO [QuestionOptions] ([OptionID], [QuestionID], [OptionText], [IsCorrect]) VALUES (1700, 488, N'Khái niệm B (Đúng)', 1);
INSERT INTO [QuestionOptions] ([OptionID], [QuestionID], [OptionText], [IsCorrect]) VALUES (1701, 488, N'Khái niệm C', 0);
INSERT INTO [QuestionOptions] ([OptionID], [QuestionID], [OptionText], [IsCorrect]) VALUES (1702, 488, N'Khái niệm D', 0);
INSERT INTO [QuestionOptions] ([OptionID], [QuestionID], [OptionText], [IsCorrect]) VALUES (1703, 489, N'quản lý', 1);
INSERT INTO [QuestionOptions] ([OptionID], [QuestionID], [OptionText], [IsCorrect]) VALUES (1704, 491, N'Khái niệm A', 0);
INSERT INTO [QuestionOptions] ([OptionID], [QuestionID], [OptionText], [IsCorrect]) VALUES (1705, 491, N'Khái niệm B (Đúng)', 1);
INSERT INTO [QuestionOptions] ([OptionID], [QuestionID], [OptionText], [IsCorrect]) VALUES (1706, 491, N'Khái niệm C', 0);
INSERT INTO [QuestionOptions] ([OptionID], [QuestionID], [OptionText], [IsCorrect]) VALUES (1707, 491, N'Khái niệm D', 0);
INSERT INTO [QuestionOptions] ([OptionID], [QuestionID], [OptionText], [IsCorrect]) VALUES (1708, 492, N'quản lý', 1);
INSERT INTO [QuestionOptions] ([OptionID], [QuestionID], [OptionText], [IsCorrect]) VALUES (1709, 494, N'Thành phố Hồ Chí Minh', 0);
INSERT INTO [QuestionOptions] ([OptionID], [QuestionID], [OptionText], [IsCorrect]) VALUES (1710, 494, N'Hà Nội', 1);
INSERT INTO [QuestionOptions] ([OptionID], [QuestionID], [OptionText], [IsCorrect]) VALUES (1711, 494, N'Đà Nẵng', 0);
INSERT INTO [QuestionOptions] ([OptionID], [QuestionID], [OptionText], [IsCorrect]) VALUES (1712, 494, N'Hải Phòng', 0);
INSERT INTO [QuestionOptions] ([OptionID], [QuestionID], [OptionText], [IsCorrect]) VALUES (1713, 495, N'C++', 1);
INSERT INTO [QuestionOptions] ([OptionID], [QuestionID], [OptionText], [IsCorrect]) VALUES (1714, 495, N'JavaScript (Sai - Thông dịch)', 0);
INSERT INTO [QuestionOptions] ([OptionID], [QuestionID], [OptionText], [IsCorrect]) VALUES (1715, 495, N'C# (Đúng - Biên dịch sang IL)', 1);
INSERT INTO [QuestionOptions] ([OptionID], [QuestionID], [OptionText], [IsCorrect]) VALUES (1716, 495, N'HTML (Sai - Ngôn ngữ đánh dấu)', 0);
INSERT INTO [QuestionOptions] ([OptionID], [QuestionID], [OptionText], [IsCorrect]) VALUES (1717, 496, N'Controller', 1);
INSERT INTO [QuestionOptions] ([OptionID], [QuestionID], [OptionText], [IsCorrect]) VALUES (1718, 498, N'Khái niệm A', 0);
INSERT INTO [QuestionOptions] ([OptionID], [QuestionID], [OptionText], [IsCorrect]) VALUES (1719, 498, N'Khái niệm B (Đúng)', 1);
INSERT INTO [QuestionOptions] ([OptionID], [QuestionID], [OptionText], [IsCorrect]) VALUES (1720, 498, N'Khái niệm C', 0);
INSERT INTO [QuestionOptions] ([OptionID], [QuestionID], [OptionText], [IsCorrect]) VALUES (1721, 498, N'Khái niệm D', 0);
INSERT INTO [QuestionOptions] ([OptionID], [QuestionID], [OptionText], [IsCorrect]) VALUES (1722, 499, N'quản lý', 1);
INSERT INTO [QuestionOptions] ([OptionID], [QuestionID], [OptionText], [IsCorrect]) VALUES (1723, 501, N'Khái niệm A', 0);
INSERT INTO [QuestionOptions] ([OptionID], [QuestionID], [OptionText], [IsCorrect]) VALUES (1724, 501, N'Khái niệm B (Đúng)', 1);
INSERT INTO [QuestionOptions] ([OptionID], [QuestionID], [OptionText], [IsCorrect]) VALUES (1725, 501, N'Khái niệm C', 0);
INSERT INTO [QuestionOptions] ([OptionID], [QuestionID], [OptionText], [IsCorrect]) VALUES (1726, 501, N'Khái niệm D', 0);
INSERT INTO [QuestionOptions] ([OptionID], [QuestionID], [OptionText], [IsCorrect]) VALUES (1727, 502, N'quản lý', 1);
INSERT INTO [QuestionOptions] ([OptionID], [QuestionID], [OptionText], [IsCorrect]) VALUES (1728, 504, N'Thành phố Hồ Chí Minh', 0);
INSERT INTO [QuestionOptions] ([OptionID], [QuestionID], [OptionText], [IsCorrect]) VALUES (1729, 504, N'Hà Nội', 1);
INSERT INTO [QuestionOptions] ([OptionID], [QuestionID], [OptionText], [IsCorrect]) VALUES (1730, 504, N'Đà Nẵng', 0);
INSERT INTO [QuestionOptions] ([OptionID], [QuestionID], [OptionText], [IsCorrect]) VALUES (1731, 504, N'Hải Phòng', 0);
INSERT INTO [QuestionOptions] ([OptionID], [QuestionID], [OptionText], [IsCorrect]) VALUES (1732, 505, N'C++', 1);
INSERT INTO [QuestionOptions] ([OptionID], [QuestionID], [OptionText], [IsCorrect]) VALUES (1733, 505, N'JavaScript (Sai - Thông dịch)', 0);
INSERT INTO [QuestionOptions] ([OptionID], [QuestionID], [OptionText], [IsCorrect]) VALUES (1734, 505, N'C# (Đúng - Biên dịch sang IL)', 1);
INSERT INTO [QuestionOptions] ([OptionID], [QuestionID], [OptionText], [IsCorrect]) VALUES (1735, 505, N'HTML (Sai - Ngôn ngữ đánh dấu)', 0);
INSERT INTO [QuestionOptions] ([OptionID], [QuestionID], [OptionText], [IsCorrect]) VALUES (1736, 506, N'Controller', 1);
INSERT INTO [QuestionOptions] ([OptionID], [QuestionID], [OptionText], [IsCorrect]) VALUES (1737, 508, N'Thành phố Hồ Chí Minh', 0);
INSERT INTO [QuestionOptions] ([OptionID], [QuestionID], [OptionText], [IsCorrect]) VALUES (1738, 508, N'Hà Nội', 1);
INSERT INTO [QuestionOptions] ([OptionID], [QuestionID], [OptionText], [IsCorrect]) VALUES (1739, 508, N'Đà Nẵng', 0);
INSERT INTO [QuestionOptions] ([OptionID], [QuestionID], [OptionText], [IsCorrect]) VALUES (1740, 508, N'Hải Phòng', 0);
INSERT INTO [QuestionOptions] ([OptionID], [QuestionID], [OptionText], [IsCorrect]) VALUES (1741, 509, N'C++', 1);
INSERT INTO [QuestionOptions] ([OptionID], [QuestionID], [OptionText], [IsCorrect]) VALUES (1742, 509, N'JavaScript (Sai - Thông dịch)', 0);
INSERT INTO [QuestionOptions] ([OptionID], [QuestionID], [OptionText], [IsCorrect]) VALUES (1743, 509, N'C# (Đúng - Biên dịch sang IL)', 1);
INSERT INTO [QuestionOptions] ([OptionID], [QuestionID], [OptionText], [IsCorrect]) VALUES (1744, 509, N'HTML (Sai - Ngôn ngữ đánh dấu)', 0);
INSERT INTO [QuestionOptions] ([OptionID], [QuestionID], [OptionText], [IsCorrect]) VALUES (1745, 510, N'Controller', 1);
SET IDENTITY_INSERT [QuestionOptions] OFF;

-- Table: Enrollments
SET IDENTITY_INSERT [Enrollments] ON;
INSERT INTO [Enrollments] ([EnrollmentID], [UserID], [CourseID], [EnrollDate], [ProgressPercent], [Status], [CompletedDate]) VALUES (37, 90, 57, '2026-06-07 23:16:48.217', 78, N'InProgress', NULL);
INSERT INTO [Enrollments] ([EnrollmentID], [UserID], [CourseID], [EnrollDate], [ProgressPercent], [Status], [CompletedDate]) VALUES (38, 87, 57, '2026-06-15 02:55:47.813', 57, N'InProgress', NULL);
INSERT INTO [Enrollments] ([EnrollmentID], [UserID], [CourseID], [EnrollDate], [ProgressPercent], [Status], [CompletedDate]) VALUES (39, 90, 58, '2026-06-15 03:31:59.040', 67, N'InProgress', NULL);
INSERT INTO [Enrollments] ([EnrollmentID], [UserID], [CourseID], [EnrollDate], [ProgressPercent], [Status], [CompletedDate]) VALUES (40, 90, 59, '2026-06-15 03:31:59.693', 0, N'NotStarted', NULL);
INSERT INTO [Enrollments] ([EnrollmentID], [UserID], [CourseID], [EnrollDate], [ProgressPercent], [Status], [CompletedDate]) VALUES (41, 90, 61, '2026-06-15 03:32:00.503', 0, N'NotStarted', NULL);
INSERT INTO [Enrollments] ([EnrollmentID], [UserID], [CourseID], [EnrollDate], [ProgressPercent], [Status], [CompletedDate]) VALUES (42, 87, 59, '2026-06-15 10:44:59.567', 50, N'InProgress', NULL);
INSERT INTO [Enrollments] ([EnrollmentID], [UserID], [CourseID], [EnrollDate], [ProgressPercent], [Status], [CompletedDate]) VALUES (43, 88, 57, '2026-06-17 18:06:19.243', 0, N'NotStarted', NULL);
INSERT INTO [Enrollments] ([EnrollmentID], [UserID], [CourseID], [EnrollDate], [ProgressPercent], [Status], [CompletedDate]) VALUES (44, 86, 57, '2026-06-17 18:06:42.857', 0, N'NotStarted', NULL);
INSERT INTO [Enrollments] ([EnrollmentID], [UserID], [CourseID], [EnrollDate], [ProgressPercent], [Status], [CompletedDate]) VALUES (45, 86, 59, '2026-06-17 19:16:50.593', 0, N'NotStarted', NULL);
INSERT INTO [Enrollments] ([EnrollmentID], [UserID], [CourseID], [EnrollDate], [ProgressPercent], [Status], [CompletedDate]) VALUES (46, 88, 59, '2026-06-17 19:16:50.617', 0, N'NotStarted', NULL);
INSERT INTO [Enrollments] ([EnrollmentID], [UserID], [CourseID], [EnrollDate], [ProgressPercent], [Status], [CompletedDate]) VALUES (47, 86, 59, '2026-06-17 19:16:50.653', 0, N'NotStarted', NULL);
INSERT INTO [Enrollments] ([EnrollmentID], [UserID], [CourseID], [EnrollDate], [ProgressPercent], [Status], [CompletedDate]) VALUES (48, 88, 59, '2026-06-17 19:16:50.670', 0, N'NotStarted', NULL);
INSERT INTO [Enrollments] ([EnrollmentID], [UserID], [CourseID], [EnrollDate], [ProgressPercent], [Status], [CompletedDate]) VALUES (49, 87, 61, '2026-06-22 08:28:14.237', 67, N'InProgress', NULL);
INSERT INTO [Enrollments] ([EnrollmentID], [UserID], [CourseID], [EnrollDate], [ProgressPercent], [Status], [CompletedDate]) VALUES (613, 101, 58, '2026-06-30 00:49:53.827', 0, N'NotStarted', NULL);
INSERT INTO [Enrollments] ([EnrollmentID], [UserID], [CourseID], [EnrollDate], [ProgressPercent], [Status], [CompletedDate]) VALUES (614, 101, 58, '2026-06-30 00:49:53.720', 0, N'NotStarted', NULL);
INSERT INTO [Enrollments] ([EnrollmentID], [UserID], [CourseID], [EnrollDate], [ProgressPercent], [Status], [CompletedDate]) VALUES (615, 88, 61, '2026-07-01 16:41:45.067', 0, N'NotStarted', NULL);
INSERT INTO [Enrollments] ([EnrollmentID], [UserID], [CourseID], [EnrollDate], [ProgressPercent], [Status], [CompletedDate]) VALUES (616, 83, 61, '2026-07-01 18:59:08.767', 0, N'NotStarted', NULL);
INSERT INTO [Enrollments] ([EnrollmentID], [UserID], [CourseID], [EnrollDate], [ProgressPercent], [Status], [CompletedDate]) VALUES (617, 84, 61, '2026-07-01 18:59:08.780', 0, N'NotStarted', NULL);
INSERT INTO [Enrollments] ([EnrollmentID], [UserID], [CourseID], [EnrollDate], [ProgressPercent], [Status], [CompletedDate]) VALUES (618, 86, 61, '2026-07-01 18:59:08.793', 0, N'NotStarted', NULL);
INSERT INTO [Enrollments] ([EnrollmentID], [UserID], [CourseID], [EnrollDate], [ProgressPercent], [Status], [CompletedDate]) VALUES (619, 109, 61, '2026-07-01 18:59:08.830', 0, N'NotStarted', NULL);
SET IDENTITY_INSERT [Enrollments] OFF;

-- Table: UserExams
SET IDENTITY_INSERT [UserExams] ON;
INSERT INTO [UserExams] ([UserExamID], [UserID], [ExamID], [Score], [IsFinish], [StartTime], [EndTime], [ScreenRecordingUrl]) VALUES (36, 90, 73, 100.00, 1, '2026-06-08 23:06:48.247', '2026-06-08 23:16:48.247', NULL);
INSERT INTO [UserExams] ([UserExamID], [UserID], [ExamID], [Score], [IsFinish], [StartTime], [EndTime], [ScreenRecordingUrl]) VALUES (37, 87, 73, 0.00, 1, '2026-06-15 02:58:52.650', '2026-06-15 02:58:57.833', NULL);
INSERT INTO [UserExams] ([UserExamID], [UserID], [ExamID], [Score], [IsFinish], [StartTime], [EndTime], [ScreenRecordingUrl]) VALUES (38, 87, 73, 0.00, 1, '2026-06-15 03:02:15.647', '2026-06-15 03:02:17.883', NULL);
INSERT INTO [UserExams] ([UserExamID], [UserID], [ExamID], [Score], [IsFinish], [StartTime], [EndTime], [ScreenRecordingUrl]) VALUES (39, 90, 74, 66.67, 1, '2026-06-15 03:32:32.017', '2026-06-15 03:35:54.937', NULL);
INSERT INTO [UserExams] ([UserExamID], [UserID], [ExamID], [Score], [IsFinish], [StartTime], [EndTime], [ScreenRecordingUrl]) VALUES (40, 90, 74, 0.00, 1, '2026-06-15 03:36:14.263', '2026-06-15 03:36:54.627', NULL);
INSERT INTO [UserExams] ([UserExamID], [UserID], [ExamID], [Score], [IsFinish], [StartTime], [EndTime], [ScreenRecordingUrl]) VALUES (41, 90, 74, 0.00, 0, '2026-06-21 23:01:07.820', NULL, NULL);
INSERT INTO [UserExams] ([UserExamID], [UserID], [ExamID], [Score], [IsFinish], [StartTime], [EndTime], [ScreenRecordingUrl]) VALUES (42, 90, 76, 20.00, 1, '2026-06-29 09:39:48.890', '2026-06-29 09:43:30.517', NULL);
INSERT INTO [UserExams] ([UserExamID], [UserID], [ExamID], [Score], [IsFinish], [StartTime], [EndTime], [ScreenRecordingUrl]) VALUES (43, 90, 76, 0.00, 1, '2026-06-29 09:45:20.027', '2026-06-29 09:46:30.617', NULL);
INSERT INTO [UserExams] ([UserExamID], [UserID], [ExamID], [Score], [IsFinish], [StartTime], [EndTime], [ScreenRecordingUrl]) VALUES (44, 90, 76, 0.00, 1, '2026-06-29 09:46:44.390', '2026-06-29 10:15:57.443', N'/uploads/proctoring/44/screen_recording.webm');
INSERT INTO [UserExams] ([UserExamID], [UserID], [ExamID], [Score], [IsFinish], [StartTime], [EndTime], [ScreenRecordingUrl]) VALUES (45, 90, 76, 0.00, 1, '2026-06-29 12:43:20.457', '2026-06-29 12:43:56.850', N'/uploads/proctoring/45/screen_recording.webm');
SET IDENTITY_INSERT [UserExams] OFF;

-- Table: UserAnswers
INSERT INTO [UserAnswers] ([UserExamID], [QuestionID], [OptionID], [IsCorrect], [TextResponse]) VALUES (37, 211, 871, 0, NULL);
INSERT INTO [UserAnswers] ([UserExamID], [QuestionID], [OptionID], [IsCorrect], [TextResponse]) VALUES (39, 221, 912, 1, NULL);
INSERT INTO [UserAnswers] ([UserExamID], [QuestionID], [OptionID], [IsCorrect], [TextResponse]) VALUES (39, 223, 920, 1, NULL);
INSERT INTO [UserAnswers] ([UserExamID], [QuestionID], [OptionID], [IsCorrect], [TextResponse]) VALUES (42, 249, 1024, 1, NULL);
INSERT INTO [UserAnswers] ([UserExamID], [QuestionID], [OptionID], [IsCorrect], [TextResponse]) VALUES (42, 250, 1028, 0, NULL);
INSERT INTO [UserAnswers] ([UserExamID], [QuestionID], [OptionID], [IsCorrect], [TextResponse]) VALUES (42, 251, 1034, 0, NULL);
INSERT INTO [UserAnswers] ([UserExamID], [QuestionID], [OptionID], [IsCorrect], [TextResponse]) VALUES (42, 252, 1036, 0, NULL);
INSERT INTO [UserAnswers] ([UserExamID], [QuestionID], [OptionID], [IsCorrect], [TextResponse]) VALUES (42, 253, 1041, 0, NULL);
INSERT INTO [UserAnswers] ([UserExamID], [QuestionID], [OptionID], [IsCorrect], [TextResponse]) VALUES (42, 254, 1046, 0, NULL);
INSERT INTO [UserAnswers] ([UserExamID], [QuestionID], [OptionID], [IsCorrect], [TextResponse]) VALUES (42, 255, 1048, 1, NULL);
INSERT INTO [UserAnswers] ([UserExamID], [QuestionID], [OptionID], [IsCorrect], [TextResponse]) VALUES (42, 256, 1053, 0, NULL);
INSERT INTO [UserAnswers] ([UserExamID], [QuestionID], [OptionID], [IsCorrect], [TextResponse]) VALUES (42, 257, 1058, 0, NULL);
INSERT INTO [UserAnswers] ([UserExamID], [QuestionID], [OptionID], [IsCorrect], [TextResponse]) VALUES (39, 222, 915, 0, NULL);
INSERT INTO [UserAnswers] ([UserExamID], [QuestionID], [OptionID], [IsCorrect], [TextResponse]) VALUES (39, 224, 923, 0, NULL);
INSERT INTO [UserAnswers] ([UserExamID], [QuestionID], [OptionID], [IsCorrect], [TextResponse]) VALUES (39, 225, 928, 1, NULL);
INSERT INTO [UserAnswers] ([UserExamID], [QuestionID], [OptionID], [IsCorrect], [TextResponse]) VALUES (39, 226, 933, 0, NULL);
INSERT INTO [UserAnswers] ([UserExamID], [QuestionID], [OptionID], [IsCorrect], [TextResponse]) VALUES (39, 227, 936, 1, NULL);
INSERT INTO [UserAnswers] ([UserExamID], [QuestionID], [OptionID], [IsCorrect], [TextResponse]) VALUES (39, 228, 940, 1, NULL);
INSERT INTO [UserAnswers] ([UserExamID], [QuestionID], [OptionID], [IsCorrect], [TextResponse]) VALUES (39, 229, 945, 1, NULL);
INSERT INTO [UserAnswers] ([UserExamID], [QuestionID], [OptionID], [IsCorrect], [TextResponse]) VALUES (39, 230, 947, 1, NULL);
INSERT INTO [UserAnswers] ([UserExamID], [QuestionID], [OptionID], [IsCorrect], [TextResponse]) VALUES (39, 231, 953, 0, NULL);
INSERT INTO [UserAnswers] ([UserExamID], [QuestionID], [OptionID], [IsCorrect], [TextResponse]) VALUES (39, 232, 956, 1, NULL);
INSERT INTO [UserAnswers] ([UserExamID], [QuestionID], [OptionID], [IsCorrect], [TextResponse]) VALUES (40, 221, 911, 0, NULL);
INSERT INTO [UserAnswers] ([UserExamID], [QuestionID], [OptionID], [IsCorrect], [TextResponse]) VALUES (40, 222, 915, 0, NULL);
INSERT INTO [UserAnswers] ([UserExamID], [QuestionID], [OptionID], [IsCorrect], [TextResponse]) VALUES (42, 248, 1019, 0, NULL);

-- Table: UserLessonLogs
SET IDENTITY_INSERT [UserLessonLogs] ON;
INSERT INTO [UserLessonLogs] ([LogID], [UserID], [LessonID], [Status], [DurationSpent]) VALUES (17, 90, 87, N'Completed', NULL);
INSERT INTO [UserLessonLogs] ([LogID], [UserID], [LessonID], [Status], [DurationSpent]) VALUES (18, 90, 88, N'Completed', NULL);
INSERT INTO [UserLessonLogs] ([LogID], [UserID], [LessonID], [Status], [DurationSpent]) VALUES (19, 87, 87, N'Completed', 0);
INSERT INTO [UserLessonLogs] ([LogID], [UserID], [LessonID], [Status], [DurationSpent]) VALUES (20, 87, 88, N'Completed', 0);
INSERT INTO [UserLessonLogs] ([LogID], [UserID], [LessonID], [Status], [DurationSpent]) VALUES (21, 87, 89, N'Completed', 0);
INSERT INTO [UserLessonLogs] ([LogID], [UserID], [LessonID], [Status], [DurationSpent]) VALUES (22, 87, 90, N'Completed', 0);
INSERT INTO [UserLessonLogs] ([LogID], [UserID], [LessonID], [Status], [DurationSpent]) VALUES (23, 87, 91, N'Completed', 0);
INSERT INTO [UserLessonLogs] ([LogID], [UserID], [LessonID], [Status], [DurationSpent]) VALUES (24, 87, 92, N'Completed', 0);
INSERT INTO [UserLessonLogs] ([LogID], [UserID], [LessonID], [Status], [DurationSpent]) VALUES (25, 90, 89, N'Completed', 0);
INSERT INTO [UserLessonLogs] ([LogID], [UserID], [LessonID], [Status], [DurationSpent]) VALUES (26, 90, 90, N'Completed', 0);
INSERT INTO [UserLessonLogs] ([LogID], [UserID], [LessonID], [Status], [DurationSpent]) VALUES (27, 90, 91, N'Completed', 0);
INSERT INTO [UserLessonLogs] ([LogID], [UserID], [LessonID], [Status], [DurationSpent]) VALUES (28, 90, 92, N'Completed', 0);
INSERT INTO [UserLessonLogs] ([LogID], [UserID], [LessonID], [Status], [DurationSpent]) VALUES (29, 90, 95, N'Completed', 0);
INSERT INTO [UserLessonLogs] ([LogID], [UserID], [LessonID], [Status], [DurationSpent]) VALUES (30, 90, 93, N'Completed', 0);
INSERT INTO [UserLessonLogs] ([LogID], [UserID], [LessonID], [Status], [DurationSpent]) VALUES (31, 87, 96, N'Completed', 0);
INSERT INTO [UserLessonLogs] ([LogID], [UserID], [LessonID], [Status], [DurationSpent]) VALUES (32, 87, 99, N'Completed', 0);
INSERT INTO [UserLessonLogs] ([LogID], [UserID], [LessonID], [Status], [DurationSpent]) VALUES (33, 87, 100, N'Completed', 0);
SET IDENTITY_INSERT [UserLessonLogs] OFF;

-- Table: TrainingAssignments
SET IDENTITY_INSERT [TrainingAssignments] ON;
INSERT INTO [TrainingAssignments] ([AssignmentID], [CourseID], [UserID], [AssignedBy], [AssignedDate], [DueDate], [Priority]) VALUES (49, 57, 90, 89, '2026-06-07 23:16:48.187', '2026-06-22 00:59:31.997', N'High');
INSERT INTO [TrainingAssignments] ([AssignmentID], [CourseID], [UserID], [AssignedBy], [AssignedDate], [DueDate], [Priority]) VALUES (53, 61, 90, 89, '2026-06-15 09:18:21.560', '2026-07-11 00:00:00.000', N'Normal');
INSERT INTO [TrainingAssignments] ([AssignmentID], [CourseID], [UserID], [AssignedBy], [AssignedDate], [DueDate], [Priority]) VALUES (55, 57, 87, 85, '2026-06-15 11:51:29.427', '2026-06-30 10:26:54.543', N'Normal');
INSERT INTO [TrainingAssignments] ([AssignmentID], [CourseID], [UserID], [AssignedBy], [AssignedDate], [DueDate], [Priority]) VALUES (56, 57, 88, 85, '2026-06-17 18:06:18.973', '2026-06-19 00:00:00.000', N'Normal');
INSERT INTO [TrainingAssignments] ([AssignmentID], [CourseID], [UserID], [AssignedBy], [AssignedDate], [DueDate], [Priority]) VALUES (57, 57, 86, 85, '2026-06-17 18:06:42.837', '2026-06-19 00:00:00.000', N'High');
INSERT INTO [TrainingAssignments] ([AssignmentID], [CourseID], [UserID], [AssignedBy], [AssignedDate], [DueDate], [Priority]) VALUES (58, 59, 86, 85, '2026-06-17 19:16:50.580', '2026-06-27 00:00:00.000', N'High');
INSERT INTO [TrainingAssignments] ([AssignmentID], [CourseID], [UserID], [AssignedBy], [AssignedDate], [DueDate], [Priority]) VALUES (59, 59, 88, 85, '2026-06-17 19:16:50.610', '2026-06-27 00:00:00.000', N'High');
INSERT INTO [TrainingAssignments] ([AssignmentID], [CourseID], [UserID], [AssignedBy], [AssignedDate], [DueDate], [Priority]) VALUES (60, 59, 86, 85, '2026-06-17 19:16:50.643', '2026-06-27 00:00:00.000', N'High');
INSERT INTO [TrainingAssignments] ([AssignmentID], [CourseID], [UserID], [AssignedBy], [AssignedDate], [DueDate], [Priority]) VALUES (61, 59, 88, 85, '2026-06-17 19:16:50.667', '2026-06-27 00:00:00.000', N'High');
INSERT INTO [TrainingAssignments] ([AssignmentID], [CourseID], [UserID], [AssignedBy], [AssignedDate], [DueDate], [Priority]) VALUES (62, 59, 88, 85, '2026-06-17 19:17:08.207', '2026-06-30 00:00:00.000', N'High');
INSERT INTO [TrainingAssignments] ([AssignmentID], [CourseID], [UserID], [AssignedBy], [AssignedDate], [DueDate], [Priority]) VALUES (63, 57, 87, 85, '2026-06-18 17:51:33.290', '2026-06-30 10:26:54.543', N'Normal');
INSERT INTO [TrainingAssignments] ([AssignmentID], [CourseID], [UserID], [AssignedBy], [AssignedDate], [DueDate], [Priority]) VALUES (64, 57, 87, 85, '2026-06-18 17:52:04.500', '2026-06-30 10:26:54.543', N'Normal');
INSERT INTO [TrainingAssignments] ([AssignmentID], [CourseID], [UserID], [AssignedBy], [AssignedDate], [DueDate], [Priority]) VALUES (65, 57, 87, 85, '2026-06-18 17:58:31.907', '2026-06-30 10:26:54.543', N'Normal');
INSERT INTO [TrainingAssignments] ([AssignmentID], [CourseID], [UserID], [AssignedBy], [AssignedDate], [DueDate], [Priority]) VALUES (66, 57, 87, 85, '2026-06-18 18:05:46.613', '2026-06-30 10:26:54.543', N'Normal');
INSERT INTO [TrainingAssignments] ([AssignmentID], [CourseID], [UserID], [AssignedBy], [AssignedDate], [DueDate], [Priority]) VALUES (67, 57, 87, 85, '2026-06-18 18:06:00.597', '2026-06-30 10:26:54.543', N'Normal');
INSERT INTO [TrainingAssignments] ([AssignmentID], [CourseID], [UserID], [AssignedBy], [AssignedDate], [DueDate], [Priority]) VALUES (68, 57, 87, 85, '2026-06-18 18:09:22.900', '2026-06-30 10:26:54.543', N'Normal');
INSERT INTO [TrainingAssignments] ([AssignmentID], [CourseID], [UserID], [AssignedBy], [AssignedDate], [DueDate], [Priority]) VALUES (69, 57, 87, 85, '2026-06-18 18:09:39.113', '2026-06-30 10:26:54.543', N'Normal');
INSERT INTO [TrainingAssignments] ([AssignmentID], [CourseID], [UserID], [AssignedBy], [AssignedDate], [DueDate], [Priority]) VALUES (70, 57, 90, 89, '2026-06-21 23:03:30.600', '2026-06-22 00:59:31.997', N'Normal');
INSERT INTO [TrainingAssignments] ([AssignmentID], [CourseID], [UserID], [AssignedBy], [AssignedDate], [DueDate], [Priority]) VALUES (71, 57, 90, 89, '2026-06-21 23:03:42.487', '2026-06-22 00:59:31.997', N'High');
INSERT INTO [TrainingAssignments] ([AssignmentID], [CourseID], [UserID], [AssignedBy], [AssignedDate], [DueDate], [Priority]) VALUES (72, 57, 90, 89, '2026-06-21 23:15:30.370', '2026-06-22 00:59:31.997', N'High');
INSERT INTO [TrainingAssignments] ([AssignmentID], [CourseID], [UserID], [AssignedBy], [AssignedDate], [DueDate], [Priority]) VALUES (73, 57, 90, 89, '2026-06-21 23:25:01.227', '2026-06-22 00:59:31.997', N'Normal');
INSERT INTO [TrainingAssignments] ([AssignmentID], [CourseID], [UserID], [AssignedBy], [AssignedDate], [DueDate], [Priority]) VALUES (74, 58, 101, 106, '2026-06-30 00:49:53.813', NULL, N'Normal');
INSERT INTO [TrainingAssignments] ([AssignmentID], [CourseID], [UserID], [AssignedBy], [AssignedDate], [DueDate], [Priority]) VALUES (75, 58, 101, 106, '2026-06-30 00:49:53.627', NULL, N'Normal');
INSERT INTO [TrainingAssignments] ([AssignmentID], [CourseID], [UserID], [AssignedBy], [AssignedDate], [DueDate], [Priority]) VALUES (76, 58, 101, 106, '2026-06-30 00:49:53.997', NULL, N'Normal');
INSERT INTO [TrainingAssignments] ([AssignmentID], [CourseID], [UserID], [AssignedBy], [AssignedDate], [DueDate], [Priority]) VALUES (77, 61, 88, 85, '2026-07-01 16:41:45.030', '2026-07-11 00:00:00.000', N'Normal');
INSERT INTO [TrainingAssignments] ([AssignmentID], [CourseID], [UserID], [AssignedBy], [AssignedDate], [DueDate], [Priority]) VALUES (78, 61, 83, 85, '2026-07-01 18:59:08.737', '2026-07-11 00:00:00.000', N'High');
INSERT INTO [TrainingAssignments] ([AssignmentID], [CourseID], [UserID], [AssignedBy], [AssignedDate], [DueDate], [Priority]) VALUES (79, 61, 84, 85, '2026-07-01 18:59:08.773', '2026-07-11 00:00:00.000', N'High');
INSERT INTO [TrainingAssignments] ([AssignmentID], [CourseID], [UserID], [AssignedBy], [AssignedDate], [DueDate], [Priority]) VALUES (80, 61, 86, 85, '2026-07-01 18:59:08.787', '2026-07-11 00:00:00.000', N'High');
INSERT INTO [TrainingAssignments] ([AssignmentID], [CourseID], [UserID], [AssignedBy], [AssignedDate], [DueDate], [Priority]) VALUES (81, 61, 87, 85, '2026-07-01 18:59:08.800', '2026-07-11 00:00:00.000', N'High');
INSERT INTO [TrainingAssignments] ([AssignmentID], [CourseID], [UserID], [AssignedBy], [AssignedDate], [DueDate], [Priority]) VALUES (82, 61, 109, 85, '2026-07-01 18:59:08.820', '2026-07-11 00:00:00.000', N'High');
SET IDENTITY_INSERT [TrainingAssignments] OFF;

-- Table Faqs is empty

-- Table: OfflineTrainingEvents
SET IDENTITY_INSERT [OfflineTrainingEvents] ON;
INSERT INTO [OfflineTrainingEvents] ([EventID], [CourseID], [Title], [Location], [Instructor], [StartTime], [EndTime], [DepartmentID], [Notes], [CreatedBy], [CreatedAt], [Shift], [Session], [Status], [AttendanceStartTime], [AttendanceEndTime]) VALUES (1, 57, N'Huấn luyện thực hành Phòng cháy chữa cháy & Cứu hộ cứu nạn 2026', N'Sân trước Nhà máy A', N'Phạm Văn Máy', '2026-06-14 09:00:00.000', '2026-06-14 11:00:00.000', 33, N'Yêu cầu mặc trang phục bảo hộ đầy đủ.', 89, '2026-06-12 23:16:48.437', N'Ca Sáng', N'Offline', N'Active', '2026-06-14 08:30:00.000', '2026-06-14 09:30:00.000');
INSERT INTO [OfflineTrainingEvents] ([EventID], [CourseID], [Title], [Location], [Instructor], [StartTime], [EndTime], [DepartmentID], [Notes], [CreatedBy], [CreatedAt], [Shift], [Session], [Status], [AttendanceStartTime], [AttendanceEndTime]) VALUES (2, 58, N'Đánh giá thực hành Quy trình 5S tại dây chuyền sản xuất', N'Xưởng sản xuất số 2', N'Phạm Văn Máy', '2026-06-16 14:00:00.000', '2026-06-16 16:00:00.000', 33, N'Đánh giá xếp loại 5S định kỳ.', 89, '2026-06-12 23:16:48.437', N'Ca Chiều', N'Offline', N'Active', '2026-06-16 13:30:00.000', '2026-06-16 14:30:00.000');
SET IDENTITY_INSERT [OfflineTrainingEvents] OFF;

-- Table AttendanceLogs is empty

-- Table: DocumentLibrary
SET IDENTITY_INSERT [DocumentLibrary] ON;
INSERT INTO [DocumentLibrary] ([ID], [Title], [FilePath], [SharedByDeptID], [ApprovalStatus], [CreatedBy], [ApprovedBy], [ApprovedAt], [CourseID], [ModuleID], [LessonID], [ExamID], [NewModuleName], [NewLessonName], [NewExamName], [PendingData], [TargetType], [RejectionReason]) VALUES (1, N'Test case cơ bản', NULL, 33, N'Approved', 89, 106, '2026-06-22 08:50:01.523', 57, 116, NULL, NULL, N'Test case cơ bản', NULL, NULL, N'{"title":"Test case cơ bản","level":1,"targetDepartmentId":31}', N'module', NULL);
INSERT INTO [DocumentLibrary] ([ID], [Title], [FilePath], [SharedByDeptID], [ApprovalStatus], [CreatedBy], [ApprovedBy], [ApprovedAt], [CourseID], [ModuleID], [LessonID], [ExamID], [NewModuleName], [NewLessonName], [NewExamName], [PendingData], [TargetType], [RejectionReason]) VALUES (2, N'Giới thiệu về test case', NULL, 33, N'Approved', 89, 106, '2026-06-22 08:31:07.433', 57, 115, NULL, NULL, N'Giới thiệu về test case', NULL, NULL, N'{"title":"Giới thiệu về test case","level":1,"targetDepartmentId":38}', N'module', NULL);
SET IDENTITY_INSERT [DocumentLibrary] OFF;

-- Table Badges is empty

-- Table UserBadges is empty

-- Table Certificates is empty

-- Table: Skills
SET IDENTITY_INSERT [Skills] ON;
INSERT INTO [Skills] ([SkillID], [SkillName], [Description]) VALUES (1, N'SQL', NULL);
INSERT INTO [Skills] ([SkillID], [SkillName], [Description]) VALUES (2, N'C#', NULL);
INSERT INTO [Skills] ([SkillID], [SkillName], [Description]) VALUES (3, N'Java', NULL);
INSERT INTO [Skills] ([SkillID], [SkillName], [Description]) VALUES (17, N'Tư duy Chiến lược', N'Khả năng phân tích và hoạch định chiến lược kinh doanh');
INSERT INTO [Skills] ([SkillID], [SkillName], [Description]) VALUES (18, N'An toàn Lao động (HSE)', N'Hiểu và thực hành đúng nội quy an toàn lao động');
INSERT INTO [Skills] ([SkillID], [SkillName], [Description]) VALUES (19, N'Bảo trì 5S', N'Thực hiện sàng lọc, sắp xếp, sạch sẽ tại nơi làm việc');
INSERT INTO [Skills] ([SkillID], [SkillName], [Description]) VALUES (20, N'Kỹ năng Thuyết trình', N'Tự tin nói trước đám đông và trình bày ý tưởng');
INSERT INTO [Skills] ([SkillID], [SkillName], [Description]) VALUES (21, N'An toàn thông tin', N'Bảo vệ thông tin và phòng chống Phishing');
INSERT INTO [Skills] ([SkillID], [SkillName], [Description]) VALUES (22, N'Quản lý Tài chính', N'Lập báo cáo và thanh quyết toán chi phí nội bộ');
SET IDENTITY_INSERT [Skills] OFF;

-- Table: UserSkills
INSERT INTO [UserSkills] ([UserID], [SkillID], [LevelScore], [LastAssessed]) VALUES (83, 1, NULL, NULL);
INSERT INTO [UserSkills] ([UserID], [SkillID], [LevelScore], [LastAssessed]) VALUES (84, 1, NULL, NULL);
INSERT INTO [UserSkills] ([UserID], [SkillID], [LevelScore], [LastAssessed]) VALUES (85, 1, NULL, NULL);
INSERT INTO [UserSkills] ([UserID], [SkillID], [LevelScore], [LastAssessed]) VALUES (86, 1, NULL, NULL);
INSERT INTO [UserSkills] ([UserID], [SkillID], [LevelScore], [LastAssessed]) VALUES (87, 1, NULL, NULL);
INSERT INTO [UserSkills] ([UserID], [SkillID], [LevelScore], [LastAssessed]) VALUES (88, 1, NULL, NULL);
INSERT INTO [UserSkills] ([UserID], [SkillID], [LevelScore], [LastAssessed]) VALUES (89, 1, NULL, NULL);
INSERT INTO [UserSkills] ([UserID], [SkillID], [LevelScore], [LastAssessed]) VALUES (90, 1, NULL, NULL);
INSERT INTO [UserSkills] ([UserID], [SkillID], [LevelScore], [LastAssessed]) VALUES (91, 1, NULL, NULL);
INSERT INTO [UserSkills] ([UserID], [SkillID], [LevelScore], [LastAssessed]) VALUES (92, 1, NULL, NULL);
INSERT INTO [UserSkills] ([UserID], [SkillID], [LevelScore], [LastAssessed]) VALUES (93, 1, NULL, NULL);
INSERT INTO [UserSkills] ([UserID], [SkillID], [LevelScore], [LastAssessed]) VALUES (94, 1, NULL, NULL);
INSERT INTO [UserSkills] ([UserID], [SkillID], [LevelScore], [LastAssessed]) VALUES (95, 1, NULL, NULL);
INSERT INTO [UserSkills] ([UserID], [SkillID], [LevelScore], [LastAssessed]) VALUES (96, 1, NULL, NULL);
INSERT INTO [UserSkills] ([UserID], [SkillID], [LevelScore], [LastAssessed]) VALUES (97, 1, NULL, NULL);
INSERT INTO [UserSkills] ([UserID], [SkillID], [LevelScore], [LastAssessed]) VALUES (98, 1, NULL, NULL);
INSERT INTO [UserSkills] ([UserID], [SkillID], [LevelScore], [LastAssessed]) VALUES (99, 1, NULL, NULL);
INSERT INTO [UserSkills] ([UserID], [SkillID], [LevelScore], [LastAssessed]) VALUES (100, 1, NULL, NULL);
INSERT INTO [UserSkills] ([UserID], [SkillID], [LevelScore], [LastAssessed]) VALUES (101, 1, NULL, NULL);
INSERT INTO [UserSkills] ([UserID], [SkillID], [LevelScore], [LastAssessed]) VALUES (102, 1, NULL, NULL);
INSERT INTO [UserSkills] ([UserID], [SkillID], [LevelScore], [LastAssessed]) VALUES (103, 1, NULL, NULL);
INSERT INTO [UserSkills] ([UserID], [SkillID], [LevelScore], [LastAssessed]) VALUES (104, 1, NULL, NULL);
INSERT INTO [UserSkills] ([UserID], [SkillID], [LevelScore], [LastAssessed]) VALUES (105, 1, NULL, NULL);
INSERT INTO [UserSkills] ([UserID], [SkillID], [LevelScore], [LastAssessed]) VALUES (106, 1, NULL, NULL);
INSERT INTO [UserSkills] ([UserID], [SkillID], [LevelScore], [LastAssessed]) VALUES (107, 1, NULL, NULL);
INSERT INTO [UserSkills] ([UserID], [SkillID], [LevelScore], [LastAssessed]) VALUES (108, 1, NULL, NULL);
INSERT INTO [UserSkills] ([UserID], [SkillID], [LevelScore], [LastAssessed]) VALUES (109, 1, NULL, NULL);
INSERT INTO [UserSkills] ([UserID], [SkillID], [LevelScore], [LastAssessed]) VALUES (110, 1, NULL, NULL);
INSERT INTO [UserSkills] ([UserID], [SkillID], [LevelScore], [LastAssessed]) VALUES (112, 1, NULL, NULL);
INSERT INTO [UserSkills] ([UserID], [SkillID], [LevelScore], [LastAssessed]) VALUES (117, 1, NULL, NULL);
INSERT INTO [UserSkills] ([UserID], [SkillID], [LevelScore], [LastAssessed]) VALUES (881, 1, NULL, NULL);

-- Table: DeptRequiredSkills
INSERT INTO [DeptRequiredSkills] ([DeptID], [SkillID], [MinLevelRequired]) VALUES (31, 17, 3);
INSERT INTO [DeptRequiredSkills] ([DeptID], [SkillID], [MinLevelRequired]) VALUES (33, 18, 2);
INSERT INTO [DeptRequiredSkills] ([DeptID], [SkillID], [MinLevelRequired]) VALUES (33, 19, 2);
INSERT INTO [DeptRequiredSkills] ([DeptID], [SkillID], [MinLevelRequired]) VALUES (35, 22, 2);

-- Table: LearningPaths
SET IDENTITY_INSERT [LearningPaths] ON;
INSERT INTO [LearningPaths] ([PathID], [PathName], [Description], [CreatedByDeptID]) VALUES (1, N'Lộ trình Kỹ thuật & Sản xuất Cơ bản', N'Lộ trình đào tạo cơ bản bắt buộc dành riêng cho nhân sự phòng Kỹ thuật & Sản xuất bao gồm các khóa học về An toàn lao động, Quy trình 5S và vận hành máy móc.', 33);
INSERT INTO [LearningPaths] ([PathID], [PathName], [Description], [CreatedByDeptID]) VALUES (2, N'Lộ trình An toàn thông tin & Kỹ năng văn phòng', N'Lộ trình nâng cao nhận thức bảo mật hệ thống và quy chế làm việc nội bộ.', 33);
SET IDENTITY_INSERT [LearningPaths] OFF;

-- Table: PathCourses
INSERT INTO [PathCourses] ([PathID], [CourseID], [StepOrder]) VALUES (1, 57, 1);
INSERT INTO [PathCourses] ([PathID], [CourseID], [StepOrder]) VALUES (1, 58, 2);
INSERT INTO [PathCourses] ([PathID], [CourseID], [StepOrder]) VALUES (2, 59, 1);
INSERT INTO [PathCourses] ([PathID], [CourseID], [StepOrder]) VALUES (2, 61, 2);

-- Table: UserPathProgresses
INSERT INTO [UserPathProgresses] ([UserID], [PathID], [Status], [PercentComplete]) VALUES (87, 1, N'InProgress', 0);
INSERT INTO [UserPathProgresses] ([UserID], [PathID], [Status], [PercentComplete]) VALUES (90, 1, N'InProgress', 50);

-- Table Surveys is empty

-- Table SurveyResults is empty

-- Table NewsletterSubscriptions is empty


EXEC sp_MSforeachtable "ALTER TABLE ? WITH CHECK CHECK CONSTRAINT all";
